ID,In VCF?,Li,Na,Mg,P,S,K,Ca,Mn,Fe,Co,Ni,Cu,Zn,As,Se,Rb,Sr,Mo,Cd
(WOK)_CWY_1,n,0.123056833,7046.23809,1113.189947,62.39222946,1039.686134,465.5768124,714.3320435,20.51172106,180.2291228,0.090549304,1.166269438,7.164024134,52.71027554,1.074953111,0.603210696,0.440045943,6.441473076,0.141138223,0.136806092
(WOK)_CWY_2,n,0.132564604,7201.729745,1140.344131,48.61633317,922.747859,482.9736468,730.0020379,20.04509959,180.1769806,0.087780879,1.118720626,6.901348631,40.010916,0.844324445,0.474687168,0.447241345,6.92446498,0.128096819,0.11634507
(WOK)_CWY_3,n,0.130559575,6968.685213,1172.167124,48.96707713,920.7140667,465.3839941,743.3979075,21.40111336,186.5630235,0.098440672,1.164502677,6.863968839,39.6744183,0.830185002,0.449197343,0.445703072,6.905561743,0.131942764,0.114866075
JOR_1,y,0.004315935,6.19018093,50.84785448,9.998648374,30.32248151,45.25516859,128.7277067,6.487673045,7.582185219,0.08878987,1.549725648,13.9040854,1360.193962,0.199012758,1.025944459,0.505642982,0.381602962,0.023602921,3.757644393
JOR_2,n,0.004266722,4.619017455,50.18690446,11.7519942,17.29641665,44.80140315,182.5704642,7.331382624,6.82114902,0.098180957,1.730438505,15.32448983,2177.264708,0.249195623,1.079322875,0.515080739,0.454771902,0.017245533,4.778367452
JOR_3,y,0.016681755,4.755239729,54.575733,11.9782543,36.54067923,49.94907901,182.659933,8.483819313,20.6055818,0.102283013,1.700393932,14.9404863,1728.695881,0.241863099,1.329000129,0.557507762,0.458512561,0.018095808,4.165528027
JOR_12,Avg,0.008421471,5.188146038,51.87016398,11.24296562,28.05319246,46.66855025,164.6527013,7.434291661,11.66963868,0.096417947,1.660186028,14.72302051,1755.38485,0.230023827,1.144755821,0.526077161,0.431629142,0.019648087,4.233846624
JOR_13,Avg,0.008421471,5.188146038,51.87016398,11.24296562,28.05319246,46.66855025,164.6527013,7.434291661,11.66963868,0.096417947,1.660186028,14.72302051,1755.38485,0.230023827,1.144755821,0.526077161,0.431629142,0.019648087,4.233846624
AAH_1,y,0.1,1861.4,605,13.3,60.7,416.7,574.7,18,49.2,0.1,5.3,3.7,2.1,0.3,0,0.5,5.4,0,0
AAH_2,Avg,0.1,1861.4,605,13.3,60.7,416.7,574.7,18,49.2,0.1,5.3,3.7,2.1,0.3,0,0.5,5.4,0,0
AAH_3,Avg,0.1,1861.4,605,13.3,60.7,416.7,574.7,18,49.2,0.1,5.3,3.7,2.1,0.3,0,0.5,5.4,0,0
AAH_4,Avg,0.1,1861.4,605,13.3,60.7,416.7,574.7,18,49.2,0.1,5.3,3.7,2.1,0.3,0,0.5,5.4,0,0
ADE-J_1a,n,0.355390763,43335.70355,4585.691051,120.8750367,7220.653125,2822.73314,1331.965819,120.1384054,428.4271099,1.152410987,3.340114564,13.5720095,50.49677206,1.580983006,1.066103947,0.846124406,18.21893835,0.663405081,0.121951015
ADE-J_1b,n,0.384155794,45381.60052,4749.949331,98.95292469,6471.157711,2983.030567,1323.319963,119.6815742,426.7033708,1.182219173,3.284315246,13.20291349,39.00173607,1.17658465,1.073773179,0.874675988,18.48820482,0.667703304,0.109611557
ADE-J_1c,n,0.351170891,42641.86782,4589.064117,108.3734943,6548.795146,2910.205631,1280.389867,113.7447901,421.1727118,1.163378372,3.249553104,13.47897376,47.19455887,1.415657913,1.243030575,0.86807784,18.91441198,0.672586929,0.127254653
ALO_1,n,0.229960089,1890.116135,559.6251924,48.40472109,126.8854396,317.4860529,674.7411574,31.3932397,160.0342548,0.125791465,1.269724833,10.06508357,43.06339683,0.749861386,0.99401995,0.144515698,5.988229317,0.033862917,0.116655235
ALO_2,n,0.238947252,1780.633397,541.371537,35.65213263,108.0925557,312.5221546,697.9794781,25.28845443,155.6432617,0.112963972,1.17357495,8.650985393,29.27114848,0.645918373,1.330510922,0.141446392,6.603900576,0.03100725,0.08710872
ALO_3,n,0.246206143,1887.346192,567.5039484,35.98315471,136.8592768,323.3506915,735.7021463,27.69589259,153.4922139,0.114683327,1.192162787,9.077396444,21.41712126,0.62312035,1.102546986,0.147056701,7.064848445,0.033311646,0.084107754
ALO_13,Avg,0.238371161,1852.698575,556.1668926,40.01333614,123.9457574,317.7862997,702.8075939,28.12586224,156.3899101,0.117812921,1.211820857,9.264488469,31.25055552,0.672966703,1.142359286,0.144339597,6.552326113,0.032727271,0.095957236
ALO_17,Avg,0.238371161,1852.698575,556.1668926,40.01333614,123.9457574,317.7862997,702.8075939,28.12586224,156.3899101,0.117812921,1.211820857,9.264488469,31.25055552,0.672966703,1.142359286,0.144339597,6.552326113,0.032727271,0.095957236
ALO_6,Avg,0.238371161,1852.698575,556.1668926,40.01333614,123.9457574,317.7862997,702.8075939,28.12586224,156.3899101,0.117812921,1.211820857,9.264488469,31.25055552,0.672966703,1.142359286,0.144339597,6.552326113,0.032727271,0.095957236
ALO_7,Avg,0.238371161,1852.698575,556.1668926,40.01333614,123.9457574,317.7862997,702.8075939,28.12586224,156.3899101,0.117812921,1.211820857,9.264488469,31.25055552,0.672966703,1.142359286,0.144339597,6.552326113,0.032727271,0.095957236
ALSTON_1,n,0.002734941,8.700263013,14.72596471,3.899328599,41.47075061,17.89596237,632.6364945,7.070729983,65.67092001,0.039447504,0.432595804,2.458966849,116.7599823,0.274840392,0.413503832,0.313001599,2.943678614,0.006518231,0.527143113
ALSTON_2,n,0.002892437,7.423261333,14.80837603,3.303384692,52.13824189,19.25204581,667.8616961,7.478903634,50.86154176,0.041350945,0.44689091,2.336554358,96.70864687,0.261700252,0.242160095,0.332175259,2.926486801,0.006751305,0.474911014
ALSTON_3,n,0.003723391,3.270627681,14.35743446,3.642180056,58.36042207,17.69894007,606.2969783,7.681373602,49.56656994,0.041543223,0.457890448,2.415266459,85.06851892,0.224571591,0.397076445,0.343766605,2.8241721,0.008038445,0.46949936
ARD_1,n,0.088767064,4762.386442,856.4159782,35.46648284,1098.024251,379.864609,639.6637998,11.44474089,641.0734369,0.173542942,1.563605151,1.37116298,5.437142132,3.620987921,0.512398752,0.174156432,8.196107571,0.365296474,0.087913207
ARD_2,n,0.088908505,5054.042745,792.7101941,47.87960449,1160.268645,393.2785895,725.1642213,13.04692139,685.3606518,0.194258945,1.785745077,1.629085932,9.785211924,4.288079703,0.490452903,0.181993188,8.875870282,0.397247725,0.110612138
ARD_3,n,0.0897347,5406.991989,1022.471383,40.8812655,1045.595998,408.8340597,731.3751865,13.73396023,687.0808855,0.196178096,1.744616384,1.603053671,5.088307101,3.277104266,0.526204867,0.18283773,9.286978285,0.440300759,0.098813942
BAN_1,n,0.210127014,11575.1284,1211.104915,128.2798055,2303.598558,1028.083409,451.1273582,102.5976746,261.4479145,0.272856782,1.510506306,9.982176488,65.97454233,2.129610401,0.876065499,0.646365917,4.795075474,0.120699198,0.155062206
BAN_2,n,0.223102465,11668.65655,1258.8522,103.1441801,1837.533642,1050.685815,446.5198766,99.05747673,247.6721213,0.274347333,1.442412535,9.467591818,48.5977318,1.523701494,0.763602256,0.648863691,4.980183221,0.117801393,0.133936122
BAN_3,n,0.221038431,11402.73355,1299.258408,119.3168083,1977.551995,1102.734425,461.0435309,101.3539035,254.3015106,0.287206421,1.487596955,9.959884362,59.35451508,1.837007321,0.877596291,0.673726372,5.008546571,0.12645965,0.155496053
BEA_1a,n,0.002190335,167.8429058,105.9160364,121.2321154,410.8487374,490.2958926,598.9255675,134.8643667,13.4215865,2.325750688,3.392947039,1075.823695,2234.277663,0.616426453,5.739146309,1.538358104,0.449524308,0.379121681,3.502061333
BEA_1b,n,0.002354741,162.9906447,107.2819965,107.9314182,387.3235456,487.4255312,603.3280752,136.4453742,12.3066219,2.376323846,3.366992151,1138.606384,1461.500678,0.598968954,4.868283826,1.587796174,0.426855454,0.377814403,3.235438646
BEA_1c,n,0.00172946,144.9664824,99.73611515,144.6827141,412.3157361,462.4712766,552.1183956,129.3236756,11.08476652,2.256452601,3.399573675,1278.535785,4009.252615,0.614008124,4.89674629,1.54317245,0.379724696,0.362663855,4.35852066
BEA_10,Avg,0.002091512,158.600011,104.3113827,124.6154159,403.4960064,480.0642335,584.7906794,133.5444722,12.27099164,2.319509045,3.386504288,1164.321955,2568.343652,0.609801177,5.168058808,1.556442243,0.418701486,0.37319998,3.698673546
BEA_2,Avg,0.002091512,158.600011,104.3113827,124.6154159,403.4960064,480.0642335,584.7906794,133.5444722,12.27099164,2.319509045,3.386504288,1164.321955,2568.343652,0.609801177,5.168058808,1.556442243,0.418701486,0.37319998,3.698673546
BEA_4,Avg,0.002091512,158.600011,104.3113827,124.6154159,403.4960064,480.0642335,584.7906794,133.5444722,12.27099164,2.319509045,3.386504288,1164.321955,2568.343652,0.609801177,5.168058808,1.556442243,0.418701486,0.37319998,3.698673546
BLA_1,n,0.010228545,136.4657089,125.8551104,44.77458979,67.78557471,90.02360475,556.9134375,182.9007878,1030.865781,0.732593737,2.473081748,4.377122116,10.96595688,0.81331011,0.877655829,0.022726165,3.182310598,0.035389336,0.156048957
BLA_2,n,0.010128985,125.231355,118.3042461,42.73592896,55.70532702,82.48932215,533.631185,175.0530015,964.8054169,0.745575335,2.287783971,4.095343033,14.57065653,0.789297087,0.71487087,0.02388288,3.215185645,0.032641029,0.168327725
BLA_3,n,0.009813756,129.3443011,119.4105344,41.8150078,67.67884561,87.82211582,457.8216056,209.9365604,895.2062143,0.815690474,2.637263678,4.588577609,23.34454365,0.90115302,0.847325643,0.024405784,3.134220523,0.03575219,0.255598474
BNK*_1,n,0.002637733,2.289785767,79.41645267,7.234434825,-9.313132586,36.37054626,77.16614549,3.875979886,11.67289789,0.132095787,2.442129853,3.296557725,2647.167936,0.194629941,0.207804465,0.532922855,0.278361038,0.0083855,11.9402702
BNK*_2,n,0.002699507,2.004259025,82.07245566,5.664181043,-6.911378335,35.67247194,100.5742797,4.268134721,11.71940543,0.132902208,2.454571734,3.263032799,1802.399178,0.142193542,0.169205353,0.528670876,0.294650418,0.009146841,9.53551697
BNK*_3,n,0.002739001,1.289290926,73.16587924,6.722180672,-2.896649811,32.08499423,93.05494609,4.072454045,11.04971127,0.118917051,2.241557748,3.194538479,2582.448925,0.172778443,0.228342459,0.498097832,0.257002722,0.008045227,10.4799013
BNK_X_1,n,0.001260348,1.592983792,54.5101619,2.601195066,-3.006493768,19.08550371,105.5670521,2.184265491,13.48873832,0.039119615,1.861092801,3.365644321,2346.420478,0.25709471,0.322113541,0.87820103,0.306028879,0.006660517,6.436454291
BNK_X_2,n,0.001540192,1.045766736,54.81329276,1.856058415,2.710412155,20.06746541,136.6539056,2.327254274,12.95464925,0.043318264,1.846367153,3.114626509,1391.663462,0.174543825,0.233465256,0.915767775,0.349639124,0.006862575,4.810964934
BNK_X_3,n,0.001387057,0.568324672,54.71650419,1.994203952,0.722284533,18.47431626,114.4813914,2.199772562,11.62264176,0.043058679,1.825828612,3.000795381,1603.226562,0.17182034,0.352314169,0.912069424,0.303718427,0.006883317,5.234443606
BNK2_1,n,0.004343778,1.662018431,27.77681566,1.894129401,19.57552432,22.57883745,77.44896413,2.642296401,15.14276437,0.05176579,1.191064315,3.289651003,1856.380088,0.314349137,0.300979172,0.592414487,0.207831042,0.005056853,3.910747615
BNK2_2,n,0.005367811,-0.459128357,30.12276528,0.986872516,13.26577096,26.42746539,104.4899697,1.826778508,11.77785039,0.055450868,1.194215662,3.049310597,1059.075465,0.180215497,0.172658328,0.640534678,0.248853625,0.005555413,2.92264431
BNK2_3,n,0.004715769,-0.09220629,26.58142051,1.147809304,8.956205258,24.19495002,60.0395833,1.469355992,9.348949254,0.050886125,1.134203666,2.900599687,1464.683584,0.208555115,0.214603504,0.587787418,0.165948286,0.005206664,3.492622256
BNK_21,Avg,0.002965688,1.100121634,53.68619421,3.344562799,2.566949192,26.10628341,96.60847083,2.76292132,12.08640088,0.074168265,1.799003505,3.163861833,1861.496186,0.201797839,0.244609583,0.676274042,0.268003729,0.00686699,6.529285054
BPC2,n,0.1,1205.4,957.2,29,37.6,872.3,748.9,69.7,109.2,0.8,26.5,3.2,32.7,0.1,0,0.6,8.4,0,0.2
BPS2,n,0.2,1671.7,704,3.1,41.8,230.4,612.7,9,48.4,0.4,0.6,3.3,0.6,0.1,0.1,0,5.9,0,0
BPS7,n,0.1,1025.3,483,5.1,8.3,227.3,506.7,6.6,126.3,0.1,1.8,3.4,0.8,0.1,0,0.1,6.1,0,0
BPS9,n,0,1490.2,820.4,19.7,91.6,232.1,790.1,55.9,296.9,0.7,3.4,2.6,4,0.1,0,0.2,8.4,0.1,0.1
BRD_1,n,0.089094543,4197.407548,555.923644,39.64952554,318.1791434,459.7541026,718.2143939,152.737023,299.0154072,0.24434841,1.148565699,2.106677798,10.93666265,1.194723789,0.688390955,0.168731142,7.396251823,0.432848431,0.03303907
BRD_2,n,0.089176854,4313.401375,553.3716559,43.50823736,335.8212789,470.4340785,720.513507,157.3988559,310.5706157,0.243887421,1.151391267,2.158804943,9.193999751,1.300464889,0.40918816,0.170969912,7.276386156,0.438576676,0.036113712
BRD_3,n,0.080435641,4312.005598,559.8182354,57.24949445,353.8612111,485.0732532,658.6881377,123.4091814,286.0095668,0.250732527,1.198596604,2.300280092,15.56254778,1.764765336,0.448529677,0.180693196,7.167484347,0.456272487,0.047406831
BRE_1,y,0,1800.7,96.8,22.7,34.9,75.2,880.6,49.2,83.7,0.4,0.7,42.1,59.2,0.1,0,0.1,4.1,0,0.3
BRE_2,y,0,2074.1,75,23.8,52.6,76.5,926.9,65.2,82.4,0.4,1.8,24.3,53,0.1,0,0.1,4.7,0.1,0.4
BRE_3,y,0,1570.1,176.1,26.9,81,112.2,900.2,38.5,77.2,0.4,0.8,30.6,63.5,0.1,0,0.1,3.8,0.1,0.5
BRE_4,Avg,0,1814.966667,115.9666667,24.46666667,56.16666667,87.96666667,902.5666667,50.96666667,81.1,0.4,1.1,32.33333333,58.56666667,0.1,0,0.1,4.2,0.066666667,0.4
BRI_1,n,0.026693102,1738.835542,193.5602207,44.99295613,213.8268221,75.28500988,634.2609632,2.313830292,27.41694304,0.019075364,0.191002042,0.727305761,30.17653192,0.205251439,0.087303428,0.008584803,3.690457252,0.009745452,0.006230546
BRI_2,y,0.029437026,1807.494759,198.5397684,33.20988778,204.6474077,76.35206685,581.541129,2.340467044,26.98579471,0.018643068,0.188658836,0.758511193,3.177857857,0.149825955,0.117263226,0.01028552,3.97789604,0.010577237,0.002885537
BRI_3,n,0.026630363,1685.89262,186.917884,40.23902922,203.7966816,73.75477085,557.1013405,2.318653832,22.47617131,0.016651216,0.180115674,0.75339529,2.775569845,0.191459313,0.057021281,0.009563501,3.688354363,0.010340483,0.003684754
BRI_5,Avg,0.02758683,1744.074307,193.0059577,39.48062438,207.4236371,75.13061586,590.9678109,2.324317056,25.62630302,0.018123216,0.186592184,0.746404081,12.04331987,0.182178902,0.087195978,0.009477941,3.785569218,0.010221057,0.004266946
BRI_6,Avg,0.02758683,1744.074307,193.0059577,39.48062438,207.4236371,75.13061586,590.9678109,2.324317056,25.62630302,0.018123216,0.186592184,0.746404081,12.04331987,0.182178902,0.087195978,0.009477941,3.785569218,0.010221057,0.004266946
BRI_9,Avg,0.02758683,1744.074307,193.0059577,39.48062438,207.4236371,75.13061586,590.9678109,2.324317056,25.62630302,0.018123216,0.186592184,0.746404081,12.04331987,0.182178902,0.087195978,0.009477941,3.785569218,0.010221057,0.004266946
CAKILE_(1)_1,n,0.004059959,20.5647826,14.50476463,4.57804829,-13.98365087,15.62761722,267.4974939,1.891292006,9.924285478,0.018938871,0.023302335,0.066897804,1.192094785,0.202304493,-0.014859556,0.01432847,1.01990735,0.001536694,0.001274023
CAKILE_(1)_2,n,0.004247452,17.83622793,12.14404912,3.756821319,3.158586763,13.10838682,276.1723461,1.515294599,8.472538254,0.018454089,0.020992532,0.040905626,2.105076508,0.123410608,-0.001662236,0.013162852,0.910349315,0.001098147,0.001421942
CAKILE_(1)_3,n,0.023482067,14.23831625,15.17264773,5.832869581,-6.657430632,16.22428279,268.8281092,2.044314605,31.81021847,0.027873864,0.050872702,0.080048994,1.318130605,0.265687714,0.03151007,0.031014488,0.84076022,0.001752318,0.001657175
CAS_1,n,0.03312191,2269.012032,507.6664348,255.9021933,1047.197394,578.6352508,1129.668473,2.79275786,217.2605771,0.057319171,0.909877818,7.344188445,34.81612704,3.403697302,0.259936102,0.205301614,13.97205594,0.268679249,0.236862504
CAS_2,n,0.026444367,2724.492736,551.981078,203.0492041,1069.940758,860.4296851,1175.367244,3.156633197,228.2101717,0.073888789,1.054756517,8.001487459,102.9921405,2.688109296,0.242550543,0.218870896,13.80168401,0.320391216,0.228321447
CAS_3,n,0.02495063,2866.450457,573.3242498,270.4434553,1298.644352,702.9660057,1046.853345,3.449246142,238.046908,0.069989663,1.105839246,9.034158702,43.53149512,3.940333158,0.193160035,0.226270326,13.38391563,0.323721496,0.295322499
CEZ_1,n,0.01160352,19.35732147,110.9198324,28.92501683,31.70558934,165.0969269,490.3066469,28.23389359,531.0883942,0.636967692,4.486679932,6.129561145,11.96268548,1.376930743,0.582461605,0.421170379,2.728661216,0.07201857,0.229783504
CEZ_2,n,0.011795381,8.285957225,104.0832998,32.0669071,34.4578249,161.8404597,464.5989607,27.3057302,516.349217,0.608012371,4.357039243,6.166600081,13.72207787,1.445835036,0.488408736,0.433680881,2.540512354,0.071523071,0.237556784
CEZ_3,n,0.005538987,14.08731672,98.59019828,22.43756563,38.86118129,145.8356523,557.0976697,26.52730921,477.7867115,0.56296299,3.795524669,5.405009625,9.793898016,1.096878349,0.540001816,0.377238692,3.030801856,0.066914626,0.180509141
CHA_1,y,0.000464726,29.08086783,34.23223819,17.65515221,34.71607655,49.55737395,416.5042538,180.5980186,431.3193468,0.205368805,6.876468379,6.331054274,76.89757294,0.595311344,4.097163183,0.108569728,0.926912082,0.041131008,2.325564742
CHA_2,y,0.002850944,31.27959057,36.25618865,16.25293668,43.84621456,51.70980013,441.2223432,200.8796697,474.3430818,0.225582229,6.598426403,5.850567951,38.44454821,0.620278188,4.207890228,0.117045768,0.936347571,0.043585027,1.590027661
CHA_3,n,0.000402432,28.50863194,34.16680813,22.84770619,40.39643638,49.44314983,420.0777429,213.1638549,475.9126397,0.231875881,7.22911713,6.574107552,80.6434882,0.695085279,3.904956254,0.11714844,0.867793292,0.043915742,2.47962862
CHT_2,y,0,19.6,82.8,41.7,37.3,282.4,969.7,4.9,11.9,0.2,3.2,2.4,1150.4,0.4,0.1,0.2,1.6,0,57.9
CHTb,n,0,183.4,36.2,34,80.9,261.5,826.9,1.3,17.7,0.1,3.7,2,833.2,0.4,0.1,0.4,1.8,0.1,30.6
CHT_1,Avg,0,101.5,59.5,37.85,59.1,271.95,898.3,3.1,14.8,0.15,3.45,2.2,991.8,0.4,0.1,0.3,1.7,0.05,44.25
CHT_3,Avg,0,101.5,59.5,37.85,59.1,271.95,898.3,3.1,14.8,0.15,3.45,2.2,991.8,0.4,0.1,0.3,1.7,0.05,44.25
CHT_5,Avg,0,101.5,59.5,37.85,59.1,271.95,898.3,3.1,14.8,0.15,3.45,2.2,991.8,0.4,0.1,0.3,1.7,0.05,44.25
CoA,n,0,3.6,132.4,20.2,4.8,49,601.2,10.7,85.5,0.2,2.7,1.3,1,1.5,0,0.1,1.8,0,0
COW_1,n,0.092685081,72.47245601,226.3118884,55.58949822,34.65855296,74.29322999,596.7466921,3.113859807,90.49123228,0.030151507,0.224178582,1.369839847,11.74507451,0.185105735,0.169575523,0.053490573,5.097434818,0.014915335,0.013101475
COW_2,n,0.094778364,72.20886293,226.1686383,43.63980482,50.7145079,74.17696046,601.8941736,3.215465767,93.9666682,0.032119165,0.212903223,1.3063393,6.152790155,0.142043841,0.130221382,0.052234436,4.939413295,0.015316831,0.008685128
COW_3,n,0.111648043,85.21892625,276.9919924,67.03088953,63.06667949,88.81828883,651.3188282,4.037128035,115.2865546,0.04175059,0.300215232,1.836625306,14.1904493,0.224971738,0.209716808,0.064993293,5.557857077,0.020386072,0.01688077
CRO_1,n,0.04481443,1952.909549,452.2393811,19.79184838,160.3497144,273.2476478,673.3472977,88.91019837,92.66394108,0.26128232,0.61429802,2.377230135,18.54726641,0.364951574,0.246498071,0.206865482,5.215125173,0.028907566,0.154086756
CRO_2,n,0.046028873,2046.846446,458.2480392,15.33704149,148.9794658,277.8235984,681.2642059,109.3973675,92.00054918,0.25856743,0.592364853,2.227389895,13.81717325,0.294135605,0.433612953,0.2091409,5.254998683,0.027244744,0.124371023
CRO_3,n,0.057960494,2011.049382,467.0345348,18.22056031,156.724897,272.2199511,723.7649948,92.41495476,94.41422013,0.262188736,0.613773874,2.367687988,15.65181419,0.356923259,0.432455515,0.200838332,5.683293688,0.027834535,0.143112011
DRA_1,n,0.00729083,59.39665506,462.5384787,151.3657465,1901.370125,134.5751904,702.2566212,444.9312206,713.7150832,0.4973544,1.362704469,6.719586503,133.819707,1.307600388,0.76484531,0.045898301,2.661478565,0.696031963,0.872529449
DRA_2a,n,0.007522664,63.93602779,465.0112692,130.5839905,1519.760092,141.3622269,723.5731783,470.7378269,720.3075335,0.482428954,1.315489677,6.270264902,82.39567007,0.934927701,0.95262977,0.046176984,2.530766424,0.71365363,0.686046737
DRA_2b,n,0.007072112,61.72966437,466.4045903,160.4976956,1642.62039,136.9671671,698.8742739,499.9381943,725.9724212,0.482605847,1.348625744,6.532302817,109.8516893,1.136978385,0.715046032,0.047233537,2.528086006,0.728067758,0.80183801
DUN_1,n,0,60.2,79.4,21.8,24.9,49.3,762.8,7.4,67.6,0,0.1,0.4,1,0.2,0,0.1,3,0,0
DUN-1_1,n,0.001557795,32.42596683,74.57381827,78.4966464,-2.64463016,23.11433501,386.2996388,3.814302135,14.82708971,0.023783586,0.051318431,0.45759466,10.03684399,0.060277713,0.109905073,0.024668032,1.782123375,0.009519913,0.021257238
DUN-1_2,n,0.002862232,68.65608724,86.73709057,61.70349191,18.22609309,27.0557743,419.5455005,4.882277741,17.85950031,0.025652087,0.071702044,0.756657297,7.325320023,0.051631028,0.118842896,0.025167609,1.917439651,0.009771544,0.013552843
DUN-1_3,n,0.001219562,28.52934286,65.66730436,66.09572158,-2.344115364,22.07132473,341.5566176,3.243458446,11.28121865,0.020235724,0.043483604,0.412043649,10.07079752,0.054959872,0.24566077,0.024176943,1.139212459,0.007803715,0.017846159
DUN_2,n,0.1,932.6,1845.6,438.4,369.4,1309,4211.8,58,247.6,0.1,0.8,3.6,35.5,0.3,0,0.3,18.9,0.1,0.4
ELI_1,y,0.110562081,1928.32684,742.0620553,85.76253254,81.33123419,473.3990858,795.438081,83.74272168,122.4581544,0.593327896,1.301435359,2.713713234,15.91584561,0.44056429,0.535961658,0.112383707,6.985739449,0.046290333,0.180070451
ELI_2,y,0.12278103,2024.568657,941.2575786,67.21619647,103.2374785,498.3947501,847.8575256,86.75168923,122.3639772,0.631025462,1.255727411,2.725745827,11.20645153,0.380786367,1.080791155,0.114567454,7.295115785,0.047953506,0.149551168
ELI_3,y,0.118793397,2124.467455,814.9887495,97.70262889,123.2047583,512.6220921,815.1098099,94.97264035,126.4643761,0.688598973,1.430214669,3.042262979,20.17662964,0.504209888,0.610757831,0.124923725,7.311598325,0.052274466,0.222127112
ELI_4,Avg,0.117378836,2025.787651,832.7694611,83.56045263,102.591157,494.8053093,819.4684722,88.48901709,123.7621692,0.637650777,1.329125813,2.82724068,15.76630893,0.441853515,0.742503548,0.117291629,7.19748452,0.048839435,0.183916244
ERS_1,y,0.036518425,5070.246708,694.1595283,66.34843005,805.7750419,352.9150926,448.0254188,149.3215867,109.2898011,0.886351037,4.752796012,1161.764939,273.6066491,3.53153504,0.396203249,0.213595439,5.568835615,0.138157669,0.243374454
ERS_2,y,0.037710914,4911.168765,678.2143038,48.19702003,630.2014001,348.5988104,459.7425261,154.2977445,124.5923599,0.827845237,4.206986938,1165.849877,168.6456747,2.367005119,0.398767131,0.209798654,5.719881288,0.148587757,0.177853675
ERS_3,y,0.034935073,4359.851923,623.6199644,67.45570316,699.5322875,324.2275048,449.6872576,115.2860729,128.5385595,0.803729116,4.240870377,1378.4958,279.0059873,3.722795219,0.401475954,0.211058403,5.634100066,0.14427689,0.235578879
ERS_4,Avg,0.036388137,4780.422465,665.3312655,60.66705108,711.8362432,341.9138026,452.4850675,139.6351347,120.8069068,0.839308463,4.400217776,1235.370205,240.419437,3.207111793,0.398815445,0.211484165,5.64093899,0.143674105,0.218935669
ESH_1a,n,0.120202773,2251.957005,1237.047744,50.57878313,97.96047884,286.9823056,764.0469207,190.156148,51.25336611,0.048040963,0.202861046,1.39341789,23.89762916,0.24580181,0.423103892,0.25250837,8.390813527,0.188890637,0.036566215
ESH_1b,n,0.115127949,2222.491887,1282.48185,58.28805703,103.1445307,284.6878174,769.8053025,202.447789,49.77491575,0.048570712,0.208050062,1.475389123,28.5299563,0.268347901,0.384476802,0.25561157,8.389444562,0.190226104,0.048355044
ESH_1c,n,0.117345456,2167.735838,1276.057315,63.18960037,104.5728981,270.3263021,739.8443053,201.0305537,43.28933545,0.046255579,0.202018129,1.444778725,36.15746859,0.271252649,0.377251309,0.244328757,8.143540133,0.188264976,0.050040868
FDE_2,y,0.7,165.2,273.5,137.4,227.8,530.6,676.6,46.1,273.3,0.5,2.6,77.3,175.9,0.2,0,0.9,4.2,0.2,0.1
FDE_3,Avg,0.7,165.2,273.5,137.4,227.8,530.6,676.6,46.1,273.3,0.5,2.6,77.3,175.9,0.2,0,0.9,4.2,0.2,0.1
FLA_1,y,0.184847199,3966.424298,1009.705431,45.00851485,609.5097161,433.5143855,739.5771063,72.92754323,159.5429326,0.694108099,2.54388673,6.37380975,24.77318785,0.609672368,1.189694309,0.303325777,5.272462185,0.087464702,0.195552469
FLA_2,y,0.191402101,4129.043604,1015.178994,46.13794692,654.3093893,432.9161804,753.0673934,71.58808783,162.6519241,0.678455894,2.507960168,6.530468305,29.55780575,0.587835367,1.180356048,0.298917048,5.22716052,0.085161703,0.195949733
FLA_3,y,0.215792165,4084.662166,1058.1919,42.28803164,595.8804054,441.1338797,745.7060089,70.48621892,167.1915836,0.675098951,2.415304394,6.055003719,21.56304325,0.536781586,1.209831245,0.316207215,5.365351783,0.084934281,0.182750395
FLA_4,Avg,0.197347155,4060.043356,1027.692108,44.47816447,619.8998369,435.8548152,746.1168362,71.66728333,163.1288134,0.682554315,2.489050431,6.319760591,25.29801228,0.57809644,1.193293867,0.306150013,5.288324829,0.085853562,0.191417532
FLA_5,Avg,0.197347155,4060.043356,1027.692108,44.47816447,619.8998369,435.8548152,746.1168362,71.66728333,163.1288134,0.682554315,2.489050431,6.319760591,25.29801228,0.57809644,1.193293867,0.306150013,5.288324829,0.085853562,0.191417532
FLE_1,n,0,384.1,150.9,103,70,411.2,1123,69.2,263.7,0.7,2.5,195,502.2,0.3,0,0.5,4.1,0.1,0.7
FLE_1,n,0,176.5,101.4,28.8,4.6,144.3,1005.7,18.9,78.4,0.2,0.5,25.6,93.8,0.2,0,0.2,1.8,0,0.2
FLE_3,n,0,299.7,32.5,37.8,9.3,168.4,1137.7,27.1,61.7,0.2,0.5,56.1,127.9,0.1,0,0.1,2.4,0,0.1
FOR_1,y,0,347.9,221.4,37.9,26.7,61.4,1135.2,12.4,150.6,0.1,0.9,30,90.1,0,0,0,3.1,0,0
FOR_2,n,0,321.6,114.4,23.5,5.7,63.2,841.7,5,77.8,0.1,0.4,30.2,52.7,0,0,0,3.6,0,0
FOR_3,n,0,375.4,209.9,21.5,28.8,71.3,832.6,17.9,115.1,0.1,1.3,48.9,144.9,0,0,0.1,3.8,0,0.1
FREM_1 (FRE),n,0.196862188,10046.75048,1226.551323,91.90773876,1523.696454,550.0725135,502.7857926,64.11608808,609.1404671,0.772205707,3.720291353,19.51562127,54.79911767,1.662607472,1.133078551,0.508381724,6.677882984,0.19444154,0.321932719
FREM_2a,n,0.224750117,10709.19298,1302.906069,75.77298027,1329.808708,722.2780681,584.0491856,61.77409135,605.6009877,0.721299588,3.558346434,18.6052119,37.77794962,1.318251467,1.043907821,0.519198561,7.387076965,0.18476892,0.247794217
FREM_2b,n,0.203572861,10254.59676,1332.606715,93.09890684,1478.710831,554.8357884,544.3417062,61.07363976,604.2304863,0.688574048,3.628852824,19.62014999,51.56345133,1.716666699,1.096470679,0.497702825,6.95011754,0.186215146,0.292946138
FRE_13,Avg,0.208395055,10336.84674,1287.354702,86.92654196,1444.071998,609.0621233,543.7255615,62.32127306,606.3239804,0.727359781,3.635830204,19.24699439,48.04683954,1.565841879,1.09115235,0.508427703,7.00502583,0.188475202,0.287557691
FTW_1,y,0.027530278,17.09743228,51.34871378,26.35575444,-11.90933328,27.66051138,363.7295286,4.11030453,49.66755685,0.033037745,0.10368128,9.89307607,132.8839646,0.523751729,0.16766049,0.03491552,2.848366329,0.007891688,0.017276815
FTW_2,y,0.032189814,18.07367497,50.12131672,17.41921492,13.79440262,27.87724623,387.3454158,3.679447597,44.12197154,0.0456253,0.104787418,5.164833051,19.74376409,0.318040394,0.155829074,0.036067823,2.811437127,0.007839804,0.009130614
FTW_3,y,0.027567495,19.74109429,51.37305257,24.22348089,0.714688928,27.34505287,359.857345,3.691997346,37.05621805,0.028908902,0.099552305,7.402005728,30.35418205,0.440017896,0.105666423,0.03565487,2.733751971,0.008519872,0.01430149
FTW_5,Avg,0.029095862,18.30406718,50.94769436,22.66615008,0.866586089,27.62760349,370.3107631,3.827249824,43.61524881,0.035857316,0.102673668,7.486638283,60.99397025,0.427270006,0.143051996,0.035546071,2.797851809,0.008083788,0.01356964
Geo_1,n,0.068330824,2613.016716,372.9067955,17.69724581,330.7320128,214.5693504,438.6007557,301.649411,267.4746417,0.911339118,1.574429432,17.87129709,102.2806544,0.857052216,1.014934808,0.178079135,3.743221349,0.117432766,0.408868924
GEO_2,y,0.071682017,2652.874213,382.2697248,18.35684154,327.947918,211.341577,449.9489351,321.2902328,280.473751,0.934834887,1.637559404,18.44023027,113.2812434,0.963609206,0.937603547,0.180515722,3.81666446,0.118433877,0.416645944
Geo_3,n,0.0888064,3067.16193,430.7601589,15.76300059,328.8968796,236.254642,428.6215593,377.8054467,302.5851298,1.048728631,1.80710906,19.64902274,79.76804734,0.743101466,0.789512884,0.204032967,3.708664627,0.132999557,0.383560884
GEO_6,Avg,0.07627308,2777.684286,395.3122264,17.27236265,329.1922701,220.7218565,439.0570834,333.5816968,283.5111742,0.964967545,1.673032632,18.6535167,98.44331505,0.854587629,0.91401708,0.187542608,3.756183479,0.1229554,0.403025251
GRE_1,y,0.044493945,1835.334273,277.6076808,52.78118465,208.7942496,259.1421381,534.0101087,32.11047775,270.643674,0.082000069,0.526541519,2.021300598,15.21410526,1.610219209,0.725757246,0.188366736,4.28771657,0.039477678,0.110456246
GRE_2,y,0.047271906,1552.487871,257.346751,38.9728154,167.852659,255.6061551,504.7800085,31.12740409,300.4545376,0.080755435,0.512735219,1.945767865,8.681233775,1.129736675,0.395805491,0.188427752,4.081080475,0.038565545,0.080285178
GRE_3,y,0.045990843,1759.495197,279.7151031,54.8201052,215.8817747,257.7157617,554.29677,33.89364777,299.5446203,0.086292973,0.539145894,2.132446483,15.83223446,1.749550728,0.491526628,0.188360102,4.349258603,0.040895841,0.111739456
GRE_4,Avg,0.045918898,1715.772447,271.5565116,48.85803508,197.5095611,257.4880183,531.0289624,32.37717654,290.2142773,0.083016159,0.526140877,2.033171649,13.2425245,1.496502204,0.537696455,0.188384863,4.239351883,0.039646355,0.10082696
HAM_1,n,0,716.1,63.9,103.1,44.7,331.7,861,101.3,155.9,0.9,1.2,46.8,279.7,0.2,0,0.2,2.3,0.1,0.2
HAM_2,n,0,860.8,79.2,113.9,57.7,389.1,789.7,121.4,188.3,1,1.4,52.2,310.8,0.2,0,0.4,3.1,0.1,0.2
HAM3,n,0,627.9,58.9,81.2,34.8,180.9,898.1,83.9,198.8,0.9,1,41.5,172.2,0.2,0,0.3,3.3,0.1,0.1
HEI_1,n,0.052821924,4974.834744,919.6713244,81.41626683,600.5242432,294.5570042,666.980373,84.55286564,195.0866494,0.180887554,0.932757988,4.804136731,29.08324723,0.36282827,0.356455466,0.084130828,7.430109309,0.197806918,0.040567504
HEI_2,n,0.062997497,5574.990636,937.6006294,92.85735873,618.858803,328.2099024,618.7611614,96.10378455,218.1273905,0.234008844,1.171099594,6.081915184,47.45971755,0.467268504,0.299018797,0.103340291,6.513441031,0.233468297,0.055210821
HEI_3,n,0.077241283,7497.729394,1344.931319,83.22662008,766.0302329,420.1415707,679.9909605,136.586491,235.8826961,0.264856856,1.308863402,6.82670032,35.61969313,0.42917964,0.384139697,0.120768775,7.234388841,0.287401128,0.061542199
HEY_1,n,0.002370437,200.8961551,313.1085604,10.83845349,18.03475252,120.0748929,635.287041,6.618175693,201.073732,0.056094292,0.28370714,2.881774711,6.633814486,0.151669802,0.263386562,0.125502612,3.76213703,0.019491872,0.04261654
HEY_2,n,0.006219591,210.4859186,332.7572829,9.54308582,32.32779865,130.926615,684.3053901,7.068635107,208.3316812,0.058659686,0.279760635,2.930168413,5.13489885,0.139596784,0.167644324,0.137655389,3.894059393,0.020590482,0.038636433
HEY_3,n,0.001782285,213.6880999,330.0680515,12.21397429,30.45191686,126.7393061,656.1695518,7.180634546,192.9718701,0.059029607,0.28865253,3.000650268,8.962133529,0.17323963,0.229747726,0.133740696,3.985224968,0.021016941,0.051462632
HLU_1,n,0.004045929,13.09333581,100.2638745,33.05237533,173.5320378,176.3407656,423.5822378,82.25069403,1137.457151,1.215323617,8.460135389,4.165346806,19.35586246,0.968549598,2.267697589,0.456787931,1.920696304,0.042377626,0.347906214
HLU_2,n,0.004977481,12.22946755,99.23839208,30.78668775,168.8841744,165.2810874,439.9907474,72.62650186,1135.604472,1.202539728,8.337035929,4.017403943,36.86402441,0.953562096,2.268649016,0.424564141,1.894691219,0.039534309,0.325952013
HLU_3,n,0.003253916,12.12747114,91.33105003,35.72813006,198.2510676,168.3134955,382.2836983,79.75759983,1021.861085,1.21504496,8.22097625,4.258439678,32.41158901,1.087382912,2.158323345,0.445379189,1.104152122,0.043575899,0.447619378
IMM_1,n,0.124230886,1995.590034,514.1278445,33.83414409,146.1511316,262.6200779,411.8743431,29.30341004,199.3047123,0.113054967,2.663048259,184.4231398,373.4091237,0.653634267,1.039286105,0.703817538,3.013706925,0.149578599,0.30758786
IMM_2,n,0.132918128,2102.315603,527.1041399,29.09765025,156.6813756,270.7014509,419.0083728,30.09292947,199.6057958,0.116283647,2.682663221,194.1123517,257.0923638,0.517535215,0.592373056,0.699646904,3.030621633,0.148699208,0.253132437
IMM_3,n,0.148138165,2247.914357,572.4539259,35.41247383,167.9933028,284.8114445,532.0147731,34.99110474,231.5014367,0.134893483,2.99955363,237.5654994,337.4649252,0.683160824,1.050983711,0.794946581,3.67039402,0.16958509,0.31386709
I-S_TAIL_1,n,0.00235879,1.825857173,45.74397346,12.01057927,-8.395713133,28.98154912,107.1870568,6.442870687,4.138927917,0.047433052,1.238493265,18.40570901,3064.493682,0.461752691,1.204383288,0.230127579,0.33512216,0.014598317,4.958605594
I-S_TAIL_2a,n,0.002802268,3.174442939,51.5048645,9.042985921,9.20684063,31.71319725,126.8633096,6.17903726,3.981484288,0.052270303,1.202733416,17.3114456,1762.645399,0.33359057,1.212947072,0.250061052,0.355504824,0.015071616,3.526337546
I-S_TAIL_2b,n,0.002443405,1.539371555,47.29306028,11.33935006,-0.32351142,29.70598565,111.8349928,5.896816846,3.639413417,0.049922783,1.228174042,18.21182468,3468.663069,0.447010364,1.46259376,0.251910345,0.3263689,0.015235611,5.027385595
KILL_S_(A)_1,n,0.008796866,26.14894063,72.30960719,19.27372294,20.7018664,68.42081371,110.1872241,5.935972694,18.79499373,0.055402295,2.397755552,1.679099982,1598.18608,0.102881456,0.529207318,0.639518246,0.701253398,0.021032422,8.932868316
KILL_S_(A)_2,n,0.054741676,23.64334834,79.29837984,20.5511665,24.78401481,74.81563008,326.373782,10.17039119,83.96169962,0.073314688,2.380258367,2.520469727,1622.212975,0.194361272,0.610008552,0.673726745,1.71375805,0.021766284,8.011942405
KILL_S_(A)_3,n,0.034533577,26.43521015,79.14430948,19.76636424,26.82195489,74.94569577,222.0052438,6.691044516,30.26042932,0.054987037,2.302550203,1.864725253,1853.267796,0.127279996,0.537682925,0.653769161,0.937156269,0.020655871,8.549590512
KVA_1,n,0.026570927,122.8863125,38.40365081,3.377013612,26.97577627,11.6644934,53.31908966,7.728340267,31.42692702,0.119723009,0.139318757,2.055994686,8.921892587,0.430923922,2.726175179,0.005738446,0.487031369,0.017121258,0.00394602
KVA_2,y,0.026429399,116.1897515,35.79048156,2.690254344,16.82951987,8.539358892,38.06954327,6.701958341,25.16154795,0.120447068,0.096896779,1.134285163,0.399821523,0.457574154,2.509021069,0.00629636,0.457996478,0.016539803,0.003571428
KVA_3,y,0.025814845,114.6078572,36.68441954,3.95062238,12.02238472,10.60522355,41.72799795,6.878719238,24.56302985,0.122663287,0.102188237,1.219027174,1.52083503,0.475099679,2.323019275,0.013652417,0.43879793,0.018731954,0.005542292
KVA_10,Avg,0.026271724,117.8946404,36.9595173,3.339296779,18.60922695,10.26969195,44.37221029,7.103005949,27.05050161,0.120944455,0.112801258,1.469769008,3.614183047,0.454532585,2.519405174,0.008562408,0.461275259,0.017464338,0.004353247
LAB_1,y,0.007451941,35.639706,18.38601326,6.326231916,22.3173186,28.19607425,604.2841132,25.98055177,146.0669176,0.047457297,0.645530429,2.48407693,246.6069072,0.201958279,0.49964169,0.093482196,2.773716683,0.009190906,1.233460595
LAB_2,y,0.009639815,41.47243241,19.37871605,4.856541384,46.75326434,29.24279358,625.1317336,26.67015704,140.9116483,0.049085747,0.622877765,2.311996321,134.1961769,0.146123535,0.306557783,0.097634971,2.798741766,0.009318871,0.924113383
LAB_3,y,0.007746678,36.41052167,18.84934093,6.343555236,30.17390098,28.7532212,642.5619506,26.31384075,143.406639,0.050037249,0.659636923,2.619192654,214.160449,0.188766288,0.312640282,0.100806981,2.888472981,0.00972213,1.205336887
LAB_B_1,n,0.006517552,6.322317315,19.38478221,2.437893575,15.45056938,23.43412784,590.3716085,9.592020725,49.68784846,0.024801894,0.282664608,1.272314024,172.4197109,0.136863851,0.221495473,0.162276826,3.071152916,0.007767515,1.059262006
LAB_B_2,n,0.006402003,6.648911578,19.47616802,2.289447675,32.86000244,24.95728265,594.0715783,9.643732922,48.17327369,0.019314229,0.283880481,1.365500345,143.0843291,0.11697698,0.165436799,0.160390546,3.04048015,0.005408752,0.926552642
LAB_B_3,n,0.004950969,4.810335592,20.94975298,2.580952607,35.83932369,26.72822846,636.0161018,10.88480383,50.64994599,0.02193632,0.32236659,1.541108355,186.8500795,0.150640271,0.170564406,0.18064517,3.193580983,0.004599572,1.153085619
LAB-A_1,n,0.004334466,7.848267007,25.0018313,7.304482026,28.67006145,43.46650829,572.536635,11.95037197,89.46597408,0.035562426,0.508824567,2.319670853,316.3717249,0.225186317,0.366469052,0.144076134,2.475804642,0.007656558,1.49560045
LAB-A_2,n,0.006929668,9.049197691,26.41828045,5.709125064,44.8777913,44.57459045,623.7560322,12.06382526,90.15958776,0.040951654,0.479696534,2.311749363,155.4312756,0.149283067,0.269821759,0.152510131,2.840791939,0.009766446,1.031126393
LAB-A_3,n,0.004644647,8.195786226,25.90248503,7.07604961,47.7036373,44.67390496,579.7616045,10.96464225,61.1438099,0.03117914,0.492266565,2.361716366,317.3392953,0.223609498,0.463438427,0.150420185,1.635580129,0.007628027,1.498195496
LAB-C_1,n,0.005379882,3.596870321,19.38031336,3.203750134,-10.97580177,17.07486831,596.4957121,16.30383361,82.54405688,0.021654963,0.343834765,1.198719338,236.9125158,0.165144551,0.283647428,0.301709978,3.39864531,0.004607714,1.284672567
LAB-C_2,n,0.005663045,4.028977658,19.93321537,2.885815789,19.71313258,16.66235079,595.3573024,15.92656113,81.31787315,0.023240357,0.316569273,1.152958572,117.9064583,0.10907345,0.159514754,0.279796691,3.407337334,0.004657106,0.900851882
LAB-C_3,n,0.005065219,9.948160399,20.01365619,3.025145407,5.861289855,16.32114526,551.7798313,15.12173396,58.54187935,0.021491319,0.326181367,1.106270784,216.689709,0.162536032,0.106558019,0.285581203,3.19502725,0.004574664,1.204737881
LAB-D_1,n,0.005159751,7.004056692,17.61831743,5.921360418,16.69762075,31.5285468,596.219967,22.69039745,90.9440914,0.041862798,0.587817671,1.818975249,303.7074049,0.221543711,0.342551237,0.149654787,2.847753337,0.007588603,1.691147993
LAB-D_2,n,0.005863801,7.54592584,17.1881539,4.202747124,21.5017395,30.29479374,559.4019056,21.33877668,88.48724032,0.035033623,0.539137059,1.662711993,159.6856019,0.142661565,0.2548948,0.15140172,2.823755717,0.00667775,1.117700921
LAB-D_3,n,0.005083478,4.586939061,16.49662939,4.086105297,25.30576974,30.05782586,600.0873103,22.72749889,92.52088572,0.038359918,0.570328827,1.695803662,182.5998131,0.153419501,0.219644465,0.152808941,2.952049144,0.007214153,1.23301702
LAB_4,Avg,0.006055528,12.8738937,20.29184372,4.549946884,25.51664134,29.0644175,597.8555591,17.21151655,87.60144477,0.033464596,0.465440895,1.814850987,206.9307634,0.16625246,0.276191758,0.170879764,2.889526019,0.007091918,1.197257449
LAB_5,Avg,0.006055528,12.8738937,20.29184372,4.549946884,25.51664134,29.0644175,597.8555591,17.21151655,87.60144477,0.033464596,0.465440895,1.814850987,206.9307634,0.16625246,0.276191758,0.170879764,2.889526019,0.007091918,1.197257449
LAB_6,Avg,0.006055528,12.8738937,20.29184372,4.549946884,25.51664134,29.0644175,597.8555591,17.21151655,87.60144477,0.033464596,0.465440895,1.814850987,206.9307634,0.16625246,0.276191758,0.170879764,2.889526019,0.007091918,1.197257449
LAB_7,Avg,0.006055528,12.8738937,20.29184372,4.549946884,25.51664134,29.0644175,597.8555591,17.21151655,87.60144477,0.033464596,0.465440895,1.814850987,206.9307634,0.16625246,0.276191758,0.170879764,2.889526019,0.007091918,1.197257449
LAB_8,Avg,0.006055528,12.8738937,20.29184372,4.549946884,25.51664134,29.0644175,597.8555591,17.21151655,87.60144477,0.033464596,0.465440895,1.814850987,206.9307634,0.16625246,0.276191758,0.170879764,2.889526019,0.007091918,1.197257449
LAL_1,y,0,559.6,516.9,83.9,215.7,469.8,976.1,25.7,260.3,0.1,0.4,2.7,11.4,1.3,0,0.2,17,0.2,0
LAL_2,y,0,74.6,163.1,32.3,173.7,74.4,782,5.1,94.4,0.1,0.3,2.2,7.3,0.6,0,0.1,16.4,0,0
LAL_3,y,0.1,349.7,297,34.7,344.9,146,434.4,2.8,174.6,0.3,1.3,8.2,10.2,1.1,0,0.1,5.6,0.1,0.1
LAL_4,Avg,0.033333333,327.9666667,325.6666667,50.3,244.7666667,230.0666667,730.8333333,11.2,176.4333333,0.166666667,0.666666667,4.366666667,9.633333333,1,0,0.133333333,13,0.1,0.033333333
LAM_11_1,n,0.004796377,6.8879718,71.68655453,8.26885969,7.7371429,15.33079713,337.8055514,37.88030757,205.7410648,0.087824513,1.316556194,5.71980876,1003.353101,0.322283811,0.725142321,0.188209863,1.029756667,0.009026345,3.26448536
LAM_11_2,n,0.00211838,7.84268747,77.59340639,6.267769996,18.94947028,15.29736138,422.7792511,39.39502628,211.263428,0.086802801,1.224683339,5.39978985,422.8105342,0.23454364,0.686514421,0.193930803,1.017505191,0.009166267,2.236086087
LAM_11_3,n,0.015597792,4.931972431,62.02859258,8.996135021,12.51292045,15.57391041,341.898239,31.23102195,186.1571699,0.076708891,1.120854549,5.065979854,1212.836224,0.347796851,0.519039676,0.21128149,0.880151804,0.0078697,3.01446077
LER_1,n,0.059605973,5890.523332,1054.937959,70.87715762,212.9878429,282.9374191,720.9111756,15.40878648,545.8378815,0.29981977,0.579299407,25.4613701,22.4518132,0.787040892,0.32830324,0.051234646,8.772991228,0.525896141,0.020198907
LER_2a,n,0.07377559,7884.03301,1310.67789,71.3361862,250.9863825,357.8472498,833.6248776,19.46318173,616.927095,0.38526378,0.723364796,29.72034549,37.56736033,0.860242059,0.296910069,0.061930885,10.21134292,0.714820827,0.037131426
LER_2b,n,0.068731367,7384.184082,1308.410684,81.68338713,256.9829345,330.0500271,776.6911875,18.57815644,564.0894629,0.371651039,0.672609699,29.61139951,31.26797552,1.050553278,0.318418771,0.068176748,10.0984527,0.671419807,0.110612551
LI22,n,0.1,1101.4,1062.8,68.9,67.4,400.5,958,40.1,74.7,0.2,4.2,7.1,103.9,0.2,0,0.3,10.5,0,0.2
LinB_1,n,0.032191563,2876.759774,1784.6444,146.1667154,759.2375241,429.468119,2166.856184,378.5355502,91.71612128,1.002092401,2.509229544,4.010161889,180.2967784,6.018695207,0.483502067,0.251133643,64.11768208,0.134828299,0.909156792
LinB_2a,n,0.036687457,3121.618646,1930.025778,127.5254689,777.0267443,458.6375464,2233.337927,426.6194205,105.7102028,1.077030755,2.461069239,3.682189401,128.25377,4.64679887,0.530366408,0.262311031,70.29766138,0.138835583,0.74780049
LinB_2b,n,0.032796602,2809.888788,1852.572022,163.4870517,814.8250525,419.8381069,2166.139804,427.5570001,71.05076797,1.00909847,2.435773829,3.582280479,195.4793892,6.555807545,0.41078615,0.253548245,65.76712575,0.134028864,0.91486619
LNL_1,y,0.000684501,8.573440455,17.47298939,7.808518512,14.05466276,12.25855993,363.7213089,12.15094307,89.31325508,0.071803719,0.858875538,22.87304131,7.615114634,0.360144189,0.940395275,0.096703455,1.050652328,0.009224345,0.048040851
LNL_2,y,0.001129486,9.005424782,19.72871208,5.980890564,25.50028052,11.32804393,421.3773741,13.49826819,104.1208155,0.070292506,0.95682802,9.861401046,7.761503273,0.374000378,0.812747698,0.093841162,1.085672446,0.009708426,0.036806741
LNL_3,y,0.000800276,8.17906392,19.34192251,10.33593612,17.53849991,14.5067979,417.2100694,13.65400173,101.7363858,0.075810909,0.995611949,11.6853534,9.478346979,0.436147785,0.917195207,0.097453801,1.049599301,0.010203872,0.060668872
LNL_8,Avg,0.000871421,8.585976386,18.84787466,8.041781732,19.03114773,12.69780059,400.7695841,13.101071,98.39015213,0.072635711,0.937105169,14.80659859,8.284988295,0.390097451,0.890112727,0.095999473,1.061974692,0.009712214,0.048505488
LOS_1,y,0.014135828,409.9025574,173.2393117,72.41057948,124.8497257,205.8110246,697.3482019,4.475086335,100.7623104,0.021974741,0.143303854,0.805041758,4.854050108,1.316196573,0.035588375,0.046356843,5.726110358,0.089158923,0.044957693
LOS_2,y,0.016429832,454.9930248,184.837461,50.29324753,125.2164761,226.013734,752.5602834,4.510716498,101.6996781,0.024202887,0.137734234,0.798726829,2.838837679,0.858399228,0.114827594,0.049579881,5.981979449,0.096076435,0.035904874
LOS_3,n,0.013847601,407.1874837,169.6406725,61.63233434,116.7236249,201.9998007,651.3789031,3.981679089,100.9956718,0.024254757,0.141096713,0.844950047,5.3852359,1.260821637,0.060179554,0.051810917,5.484940445,0.08587892,0.04728886
LOS_6,Avg,0.01480442,424.0276886,175.9058151,61.44538712,122.2632756,211.2748531,700.4291295,4.322493974,101.1525534,0.023477462,0.1407116,0.816239545,4.359374562,1.145139146,0.070198508,0.049249214,5.731010084,0.090371426,0.042717142
LW10-290720,n,0.1,6236.1,1992.8,98.9,310.9,849.3,1607.7,32.3,492.6,0.3,2.1,4.2,23.9,0.2,0,0.5,23.5,0.4,0.1
LW8-200720,n,0.1,531.9,526.6,18.1,14.2,281.3,451.3,21.6,271.5,0.3,0.8,4.1,3,0.2,0.1,0.4,4.2,0.3,0
LW9-290720,n,0.2,5082.4,2412.7,82.5,220.5,835.9,1222.2,98.8,318.2,0.5,1.9,5.7,31.6,0.2,0,0.6,21,0.2,0.1
MAG_1,n,0.018931097,811.0969291,282.587711,45.56241811,162.8473636,118.6765279,450.9851666,225.7059574,336.9564994,0.124042027,0.306835294,1.431571199,5.434219664,0.420165975,0.507255836,0.048875389,5.021492069,0.26140568,0.018122996
MAG_2,n,0.01766987,682.016298,248.2177665,45.12515937,125.0768228,103.5859993,426.7092282,181.4747513,314.0228553,0.101659201,0.287790163,1.437222644,12.30819218,0.441788935,0.409497354,0.043436446,4.776809491,0.238080954,0.017937251
MAG_3,n,0.017454678,781.9597062,276.0254168,52.75999765,145.9813382,114.7824321,430.0439846,212.3012962,321.0992666,0.107931994,0.304651328,1.596347491,7.387359843,0.511287915,0.484485526,0.046423137,5.029700212,0.267829704,0.020778281
MAL_1,n,0.000731913,10.48227585,5.010591434,16.30479935,22.61935247,20.02991702,557.2990891,14.45673019,232.0562067,0.054834929,0.89348266,4.207846391,84.77841349,0.573067517,1.160953727,0.104529675,0.27570796,0.01702525,2.040125566
MAL_2,n,0.001184642,9.153182128,5.068475002,13.90659874,24.01403316,19.522773,583.2038234,15.1685871,231.8662853,0.061489713,0.865963161,2.969715993,57.61340445,0.469485899,1.03350515,0.107902028,0.268294632,0.016545067,1.70252605
MAL_3,n,0.001123365,6.723515249,4.409090384,16.10433327,35.49960969,19.85674131,593.0630068,14.63738262,239.3968981,0.058008885,0.904001258,3.112780185,86.22492138,0.592586517,1.017594779,0.112559135,0.248721899,0.017565077,2.141102539
MELS_1,n,0.063922171,1993.395919,220.5242979,10.66246162,184.9257324,81.85429805,203.8307406,1.615663997,53.28016472,0.059626283,0.126526691,2.855657796,7.358965901,0.479063185,0.431413298,0.012864627,3.238441285,0.018852741,0.003113704
MELS_2,n,0.074043152,2076.229237,234.1299802,10.47866654,188.4153054,86.15870211,200.150219,1.765001302,69.83469745,0.06168002,0.132542271,3.015507844,3.638660639,0.454915034,0.448034302,0.019181984,3.310179344,0.02058089,0.001236269
MELS_3,n,0.067421936,2002.489397,225.847041,11.88976246,190.3841427,82.95113829,209.5656,1.613396917,45.5089192,0.058116293,0.132114506,2.927180616,6.495759272,0.551842203,0.459877587,0.013656621,3.244626768,0.018589848,0.002345768
menai_1,n,0.15432989,3222.726722,393.9877593,39.91133617,315.7846128,301.1325966,482.5061179,4.103892844,79.93853791,0.01887101,0.752713907,13.06106327,73.56508217,1.410069402,0.571873333,0.440167344,4.009846423,0.110166612,0.027713303
menai_2,n,0.159722663,3420.165893,396.193398,30.829531,303.3113083,313.0242527,500.4601465,3.645563368,76.05649237,0.017533499,0.691992366,12.17020025,42.80576081,1.00636952,0.286606277,0.44350053,4.124426282,0.110603905,0.012846031
menai_3,n,0.174636675,3464.093852,409.2742906,29.67448367,283.3931012,322.21151,524.0192578,3.617994984,82.2287197,0.021701121,0.698441378,12.71824247,42.58380825,0.951764383,0.50651437,0.462159819,4.236174581,0.108598445,0.013590326
NEI_1,y,0.094556089,1672.636268,546.5569773,46.09231572,539.3879694,265.064704,329.1983833,19.45992937,830.4947294,0.162141562,1.706152018,4.513785286,9.128043255,0.544940515,0.77013374,0.236345783,3.09721516,0.382953268,0.043480261
NEI_2,n,0.099128691,1759.95751,565.4325989,45.64287351,451.9398301,278.4868622,330.4275698,15.56423289,879.5108908,0.158256538,1.626962011,4.313354441,4.503336437,0.405256035,0.436722279,0.236949819,3.254033071,0.381686032,0.033571517
NEI_3,y,0.087975403,1773.25346,584.1564143,47.872671,538.524321,272.3144344,333.6138671,15.04809719,808.6173675,0.185579286,1.684013806,4.61580353,8.353554139,0.546712148,0.764099951,0.243273284,3.319996256,0.373414171,0.045889928
NEI_8,Avg,0.093886728,1735.282413,565.3819968,46.53595341,509.9507068,271.9553335,331.0799401,16.69075315,839.5409959,0.168659129,1.672375945,4.480981086,7.328311277,0.498969566,0.656985323,0.238856295,3.223748162,0.379351157,0.040980569
NEI_9,Avg,0.093886728,1735.282413,565.3819968,46.53595341,509.9507068,271.9553335,331.0799401,16.69075315,839.5409959,0.168659129,1.672375945,4.480981086,7.328311277,0.498969566,0.656985323,0.238856295,3.223748162,0.379351157,0.040980569
NEN_1,y,0.00257303,1.38158732,11.66220675,4.797824667,-16.91430692,6.127372398,84.90211167,2.480954255,15.38118676,0.028914065,0.711232771,3.061713651,1341.274026,0.214857291,0.166010517,0.205569251,0.350042279,0.004696853,3.386671304
NEN_2,n,0.00234497,0.786341195,11.01411083,4.252554495,-9.792012446,5.691842857,57.07507467,2.237208512,12.20689866,0.027613601,0.683374176,3.011005807,1372.008072,0.201207872,0.17652371,0.190971665,0.255780666,0.004430353,3.353445404
NEN_3,y,0.002349672,0.87938163,11.67053411,4.872353292,-8.567949807,6.305967945,87.40706306,2.185765452,11.55160902,0.027199229,0.682594679,2.917241148,1294.63082,0.181694155,0.155003071,0.198868224,0.306865856,0.004217895,3.159076342
NEN_200,y,0.003761848,-0.277801628,16.43097086,10.14153354,-24.75773642,9.807608603,95.93807667,4.479651811,70.77666621,0.034006778,0.680087721,2.529105971,1500.060889,0.392445356,0.121966093,0.290687134,0.295636301,0.002883424,2.713811234
NENT-B_2a,n,0.012383857,-0.103360889,16.52419792,8.182814322,-27.81217848,10.01426391,89.29320215,4.638201858,72.54209666,0.039904034,0.679944338,2.291849581,862.2845995,0.264394271,0.138336769,0.293303406,0.257905089,0.002989889,2.032069633
NENT-B_2b,n,0.004290959,-0.747162919,14.42488093,10.87725789,-19.56281173,9.55695457,79.14411518,4.068721486,61.18724137,0.032474194,0.669303142,2.292811384,1661.997461,0.35793595,0.10034908,0.280989832,0.215817933,0.002947277,2.766875454
NEN_300,y,0.001895624,2.32609581,14.37605367,8.837400398,11.30128762,8.966887034,80.41666944,4.891753938,47.9203738,0.048321467,0.997450479,2.977643482,1810.008389,0.321650695,0.203571495,0.243283403,0.259991831,0.004522113,3.348457606
NENT-C_2,n,0.002470948,2.93957867,16.16890394,6.463408129,14.96438155,9.117351794,86.22202088,5.27811524,46.36558118,0.056384831,1.053602598,2.966123915,1155.294165,0.244540992,0.187697196,0.272457288,0.274120286,0.004507354,2.687912629
NENT-C_3,n,0.003786071,4.800725043,17.48764805,9.971167121,32.74970804,10.34878557,98.23202103,5.451154555,27.55882876,0.058390935,1.195454709,3.00232534,2241.771108,0.343128471,0.150545581,0.300548905,0.294148976,0.004960333,4.035122169
NEN_4,Avg,0.003984109,1.331709359,14.41772301,7.599590428,-5.37684651,8.437448298,84.29226164,3.967947456,40.6100536,0.039245459,0.817004957,2.783313364,1471.036614,0.280206117,0.155555946,0.252964345,0.278923246,0.004017277,3.053715753
NEN_5,Avg,0.003984109,1.331709359,14.41772301,7.599590428,-5.37684651,8.437448298,84.29226164,3.967947456,40.6100536,0.039245459,0.817004957,2.783313364,1471.036614,0.280206117,0.155555946,0.252964345,0.278923246,0.004017277,3.053715753
NEN_6,Avg,0.003984109,1.331709359,14.41772301,7.599590428,-5.37684651,8.437448298,84.29226164,3.967947456,40.6100536,0.039245459,0.817004957,2.783313364,1471.036614,0.280206117,0.155555946,0.252964345,0.278923246,0.004017277,3.053715753
ODN_1,y,0,6.1,15.2,22.1,22.8,34.8,392.5,5.4,11.9,0.1,3.5,9.2,1147.5,0.6,0.1,0.1,1.6,3.4,6.2
ODN_4,y,0,10.2,44.4,26.6,38.4,136.2,650.9,2.7,18.9,0.3,19.7,3.9,1176,0.4,0.2,0.3,3,0.3,54.4
ODN_7,y,0,4.4,13.3,20.2,87.7,41.9,316.8,3,13.3,0.1,6.8,35.6,2009.3,1.8,0.3,0.2,1,1.2,20.3
ODN_10,Avg,0,6.9,24.3,22.96666667,49.63333333,70.96666667,453.4,3.7,14.7,0.166666667,10,16.23333333,1444.266667,0.933333333,0.2,0.2,1.866666667,1.633333333,26.96666667
ODN_9,Avg,0,6.9,24.3,22.96666667,49.63333333,70.96666667,453.4,3.7,14.7,0.166666667,10,16.23333333,1444.266667,0.933333333,0.2,0.2,1.866666667,1.633333333,26.96666667
ODN_6,Avg,0,6.9,24.3,22.96666667,49.63333333,70.96666667,453.4,3.7,14.7,0.166666667,10,16.23333333,1444.266667,0.933333333,0.2,0.2,1.866666667,1.633333333,26.96666667
ODN_5,Avg,0,6.9,24.3,22.96666667,49.63333333,70.96666667,453.4,3.7,14.7,0.166666667,10,16.23333333,1444.266667,0.933333333,0.2,0.2,1.866666667,1.633333333,26.96666667
ODN_2,Avg,0,6.9,24.3,22.96666667,49.63333333,70.96666667,453.4,3.7,14.7,0.166666667,10,16.23333333,1444.266667,0.933333333,0.2,0.2,1.866666667,1.633333333,26.96666667
ONI,n,0,1107.7,540,22.3,119.3,130.7,940.3,18.4,136.4,0.3,0.7,3.6,15.1,0.2,0,0,8.1,0,0.1
OSW_1,y,0.1,289.3,316.5,15.6,-3.7,245.8,886.9,22.8,113.8,0.5,14.4,8,10.5,0.5,0,0.4,4.8,0,0.1
OSW_4,n,0.1,1467,2198.6,39.4,50.2,370.1,807.8,41,197.6,1.6,159.1,8.7,31.7,0.3,0,0.2,14.4,0,0.3
OSW_9,y,0,1322.8,801.2,22.7,0.7,247.3,870.7,30.6,72.6,1.4,27.4,1.5,6.1,0.2,0,0.1,13.4,0,0.1
OSW_2,Avg,0.066666667,1026.366667,1105.433333,25.9,15.73333333,287.7333333,855.1333333,31.46666667,128,1.166666667,66.96666667,6.066666667,16.1,0.333333333,0,0.233333333,10.86666667,0,0.166666667
OSW_3B,Avg,0.066666667,1026.366667,1105.433333,25.9,15.73333333,287.7333333,855.1333333,31.46666667,128,1.166666667,66.96666667,6.066666667,16.1,0.333333333,0,0.233333333,10.86666667,0,0.166666667
OSW_6,Avg,0.066666667,1026.366667,1105.433333,25.9,15.73333333,287.7333333,855.1333333,31.46666667,128,1.166666667,66.96666667,6.066666667,16.1,0.333333333,0,0.233333333,10.86666667,0,0.166666667
OSW_7,Avg,0.066666667,1026.366667,1105.433333,25.9,15.73333333,287.7333333,855.1333333,31.46666667,128,1.166666667,66.96666667,6.066666667,16.1,0.333333333,0,0.233333333,10.86666667,0,0.166666667
OSW_8,Avg,0.066666667,1026.366667,1105.433333,25.9,15.73333333,287.7333333,855.1333333,31.46666667,128,1.166666667,66.96666667,6.066666667,16.1,0.333333333,0,0.233333333,10.86666667,0,0.166666667
PAR1,n,0.1,642.2,1371.2,102,-23.8,284.4,2338,22.8,493.4,0.3,0.4,10,14.1,0.5,0,0.2,25.4,0.1,0
PAR2,n,0.1,602.6,925.5,109.1,298.5,578.5,710.8,9,2350.9,0.8,2.8,49,32.8,11.2,0.2,0.7,15.4,0.7,0.2
PAR3,n,0.1,3325,726.4,28.5,557.9,269.1,526.8,12.3,516.6,0.4,0.8,11.4,15.1,1.3,0,0.2,6.5,0.1,0
PEN1,n,0,467.6,310.5,65.1,12.2,187.7,820.7,98.4,198.4,0.8,1.6,34.4,219.6,0.3,0,0.1,4.1,0.1,0.1
PEN2,n,0,2343.7,145.1,71.3,26.8,260.2,667.7,106.2,66.3,0.6,0.8,18.7,910.8,0.2,0,0.4,3.9,0,0.3
PEN3,n,0.1,1874,503.5,127.4,85.5,348.4,2973.4,153.8,287.5,0.8,1.7,28.9,99.1,0.3,0,0.5,12.2,0.1,0.1
PIC_1,n,0.012424015,58.18384187,200.290158,104.6956406,280.699997,166.4989796,481.6581514,202.3512774,718.0439239,0.507998969,5.044779861,11.46093243,36.39755992,2.815336964,1.75410328,0.061364957,3.056146182,0.092626802,0.772398886
PIC_2,n,0.013376804,52.18170853,192.4977791,80.41342706,217.8717601,161.8521675,468.935523,210.7871849,791.2938016,0.545338943,4.668565888,10.23463991,19.07858387,2.151721321,1.681264606,0.061984484,3.063163596,0.095696808,0.512765961
PIC_3,n,0.011782397,51.36107422,194.6819,85.73212723,259.5900246,172.1913011,433.6657543,230.8037427,733.4782023,0.558126142,5.128316932,11.72530821,35.75336274,2.689447524,1.440175257,0.065158461,2.962085249,0.095335284,0.782794515
PIT-1_1,n,0.002264724,16.59136141,6.072601813,36.69456143,43.94479732,12.89650326,194.4353397,8.935883021,50.85568241,0.062978391,1.724484972,7.927185309,663.6527414,1.040740298,0.511454486,0.119083885,0.20044294,0.702807489,6.595529099
PIT-1_2,n,0.003502175,19.79720305,6.619615158,30.3034511,90.44621027,13.19709386,215.2679293,9.041843085,49.42671299,0.067531415,1.711011108,7.555787336,405.7766385,0.735910083,0.315533764,0.129813835,0.210315272,0.686171943,5.226751352
PIT-1_3,n,0.002455715,20.37214627,7.01483766,37.0412407,82.04420842,14.12976476,178.7475393,10.38844408,50.14849398,0.07529851,1.916393208,8.569653176,704.1496242,1.079403087,0.608613361,0.131490197,0.161768645,0.761470813,6.995838721
PIT-2(II)_1,n,0.001575412,3.727082528,9.938875938,39.63099599,57.3693155,47.82662826,223.5359066,14.3417747,30.43769306,0.095557645,1.443094456,3.338303936,1232.360356,1.011335756,0.60765435,0.221994039,0.214292214,0.229954186,19.70263473
PIT-2(II)_2,n,0.001476367,4.208080003,11.17064786,27.62929194,76.79001012,51.98701342,227.14969,13.96528624,29.53816058,0.108496357,1.530219452,3.271245934,516.9340696,0.633663438,0.754492178,0.24883878,0.214440926,0.23792327,15.78002211
PIT-2(II)_3,n,0.001333019,4.546095388,10.8342153,37.02987772,66.15562779,51.28580792,226.0448017,12.89646427,26.01052269,0.10484423,1.597593901,3.233020799,933.1448106,0.90247857,0.656947901,0.244903909,0.191145653,0.225893217,21.87595626
PIT-2_1,n,0.001535359,6.24713579,9.268335146,43.86884391,41.64883519,62.35925812,188.1870958,16.34385781,28.20047821,0.10807993,1.375304474,3.409316113,1020.533247,0.974773561,0.673267738,0.165448459,0.214871103,0.28408394,19.07322163
PIT-2_2,n,0.00123969,5.839774294,9.120746827,41.02882222,43.54023665,63.11213008,191.9325831,15.53752641,25.6197772,0.108346818,1.335119974,3.383281999,778.672073,0.951825542,0.577730824,0.17215308,0.203427575,0.279120375,19.03650473
PIT-2_3,n,0.032210588,9.715257584,15.13779902,40.63811455,63.88276727,74.53951688,245.3086822,20.03302723,65.27739154,0.13736796,1.549763135,3.841626689,559.0794514,0.883132501,0.537536764,0.217389302,0.384042672,0.332882601,16.40316506
POR_POR_1,n,0.151912967,1629.497328,489.9106065,56.97976798,92.49649912,163.6441376,797.1162586,3.765431685,260.4331403,0.04383652,0.60516375,3.805463526,12.98003893,0.391443218,0.26815373,0.094285492,6.7974612,0.063946741,0.043609154
POR_POR_2,n,0.156807578,1659.875026,496.2705719,39.99276563,89.68930745,165.7943972,771.2468599,3.741480293,253.0891968,0.044975605,0.553363371,3.44055901,7.096670738,0.260952645,0.241976652,0.096384316,6.930334099,0.06291689,0.02976371
POR_POR_3,n,0.15420486,1515.229979,472.3579174,52.03711177,94.57768716,154.8924555,751.2819769,3.788885547,240.624319,0.044108297,0.55910865,3.478284429,12.69456447,0.382502282,0.397543999,0.101658531,6.630562039,0.061636757,0.042893288
PPEAN1,n,0.1,1204,1350.6,50.3,37.9,658.6,1432.8,111.1,175.9,0.7,0.9,11,73,0.9,0,0.7,10.2,0,0.5
PPEAN2,n,0.1,1619.1,1266.9,36.9,62.3,419.5,881,63.9,156,0.4,0.8,8.1,68.3,0.4,0,0.6,8.8,0,0.4
PPEAN3,n,0,1736.4,982.1,31.9,110.4,423.9,968.3,40,137.3,0.3,0.8,7.5,46,0.5,0,0.7,8.8,0,0.4
PRE1-300820,n,0.1,1488.8,1315.8,8.2,-8.7,357.5,802,21.2,92.6,0.2,14.3,9.1,9.6,0.1,0,0.4,12.7,0,0.1
Qua_1,n,0.01238562,0.800916712,5.188238506,9.678593351,34.16119762,8.358764535,768.8969566,8.310611541,72.36818094,0.040059104,0.495632058,1.673013633,99.15965145,0.345289179,0.056264155,0.060982439,0.734332901,0.184804909,1.515915773
Qua_2,n,0.000522197,2.631292393,4.061901447,10.94847875,3.193456099,8.076722153,612.7615782,7.339697877,37.21637736,0.031367061,0.440753822,1.618879123,163.1788565,0.436937488,0.139868906,0.049276506,0.40829265,0.142882017,1.957987759
Qua_3,n,0.001071685,0.597224868,3.979254594,8.774495703,34.21671107,7.990491397,650.913851,7.874993184,39.0566191,0.033834092,0.490224019,1.752721087,97.5019805,0.308927164,0.182041626,0.055819474,0.43336478,0.16824296,1.521529354
Qua-2_1,n,0.005911861,2.304225065,5.197700241,20.42791042,33.62093234,22.55113483,315.1781795,19.50942489,89.53895437,0.099521555,1.243706385,5.000149418,386.4665622,0.70823482,0.332811182,0.036283734,0.332653939,0.541221445,5.243508401
Qua-2_2,n,0.005978026,2.231547997,4.851780876,18.52143995,26.36243947,30.08491753,272.0287401,21.89997858,78.24996015,0.102645921,1.160710896,4.826572755,346.0575573,0.642715226,0.289911303,0.030083866,0.163351732,0.479494595,4.732564096
Qua-2_3,n,0.004920425,3.952154608,9.697559792,19.34249582,32.2849881,30.7654632,275.7741403,22.22880158,62.32150994,0.113573076,1.270905551,6.101960089,406.7014492,0.624558016,0.497301939,0.07811042,0.232016675,0.470375988,4.636103439
ROT_ROT_1,n,0.001608362,493.1118105,211.4966717,26.11795532,54.12486328,91.81823574,175.9253196,831.5292822,507.2297672,1.096003335,0.834925204,5.351768097,7.185240775,0.470039118,1.051031817,0.170327643,2.265097233,0.024387591,0.097894925
ROT_ROT_2,n,0.001599141,479.4729751,205.9360599,19.55510701,61.8806488,90.04996822,173.9407043,801.9072171,551.854762,1.11967931,0.757443066,4.942079651,3.984657616,0.344760059,1.512621675,0.166352172,2.199427197,0.024171643,0.064496912
ROT_ROT_3,n,0.007653264,433.8100603,191.3205577,24.99797979,43.34753441,86.52928136,180.1211255,842.8319853,522.1142298,1.076780653,0.762054532,5.080347302,7.480414316,0.439391611,1.098306786,0.167490898,1.381469735,0.023564338,0.091448399
ROT_13,Avg,0.003620256,468.798282,202.9177631,23.55701404,53.11768216,89.46582844,176.6623831,825.4228282,527.066253,1.097487766,0.784807601,5.124731683,6.216770902,0.418063596,1.220653426,0.168056904,1.948664722,0.024041191,0.084613412
ROT_4,Avg,0.003620256,468.798282,202.9177631,23.55701404,53.11768216,89.46582844,176.6623831,825.4228282,527.066253,1.097487766,0.784807601,5.124731683,6.216770902,0.418063596,1.220653426,0.168056904,1.948664722,0.024041191,0.084613412
ROT_6,Avg,0.003620256,468.798282,202.9177631,23.55701404,53.11768216,89.46582844,176.6623831,825.4228282,527.066253,1.097487766,0.784807601,5.124731683,6.216770902,0.418063596,1.220653426,0.168056904,1.948664722,0.024041191,0.084613412
ROT_7,Avg,0.003620256,468.798282,202.9177631,23.55701404,53.11768216,89.46582844,176.6623831,825.4228282,527.066253,1.097487766,0.784807601,5.124731683,6.216770902,0.418063596,1.220653426,0.168056904,1.948664722,0.024041191,0.084613412
RYE_1,y,0,413.6,151,125.3,35.7,487.7,1050.7,61.7,73.3,0.4,0.6,24.8,267.8,0.1,0,0.3,13.3,0,0.2
RYE_2,n,0,709.2,89.9,76.2,17,353.1,1102,48.8,73.6,0.4,0.5,33.6,227,0.1,0,0.3,7.6,0,0.1
RYE_3,n,0,1514.8,74.4,80.7,30.1,344,1032.8,51.1,70.1,0.5,0.5,27.8,335.5,0.1,0,0.3,7.1,0,0.1
SAD_1,n,0.01239605,31.14473573,216.2166844,69.07722809,172.5275003,52.68107859,261.6943484,66.64362734,723.3831639,0.50909026,4.160600972,20.97437303,329.7755353,2.597014018,1.494631934,0.060164715,0.710508163,0.046694666,4.529674364
SAD_2,n,0.010624429,31.23201757,213.3627141,61.49305855,151.5411277,52.64402477,265.3496001,65.64954954,663.4407985,0.482839482,4.124286025,20.94865794,413.6395036,2.484458685,1.119479392,0.058341472,0.67009856,0.042620366,5.065428284
SAD_3,n,0.012735278,35.93541389,227.6991042,62.87038794,176.1580514,56.20735776,280.9526461,68.15831809,723.5091022,0.49855362,4.200779144,21.43564517,307.1294856,2.425844039,1.169063,0.062480122,0.653930282,0.04684594,4.486593366
SAL8_1,n,0.003612163,10.64675177,101.5686973,37.27691267,23.84155756,25.65124615,645.5989618,7.131509303,37.06493404,0.012259366,0.404395896,0.605875994,1.520820689,0.156007055,0.228854407,0.011683323,0.577630314,0.020875909,0.049449043
SAL8_2,n,0.004027799,14.48906972,108.0191773,28.77331197,52.23460792,27.14789852,663.2912676,6.881610066,33.29646257,0.012540847,0.383477281,0.612187637,0.867755783,0.113838092,0.16529257,0.012617906,0.564328753,0.021815397,0.038240725
SAL_3,y,0.004716596,10.10809446,100.2381904,29.56686408,40.2376618,26.71760684,653.7078415,5.093810636,28.14786752,0.012496007,0.367715757,0.586319198,1.125161349,0.117337333,0.136331365,0.015550226,0.496897772,0.021028308,0.040957841
SAL_4,Avg,0.004118853,11.74797198,103.275355,31.87236291,38.77127576,26.50558384,654.199357,6.368976668,32.83642138,0.012432073,0.385196311,0.601460943,1.17124594,0.129060827,0.176826114,0.013283818,0.546285613,0.021239871,0.042882536
SAL_6,Avg,0.004118853,11.74797198,103.275355,31.87236291,38.77127576,26.50558384,654.199357,6.368976668,32.83642138,0.012432073,0.385196311,0.601460943,1.17124594,0.129060827,0.176826114,0.013283818,0.546285613,0.021239871,0.042882536
SCO_1,y,0,1072.4,41,25,46.9,243.2,620.7,50.4,273.9,0.2,1,101.7,203.5,0.1,0,0.3,2.3,0.2,0.1
SCO_2,n,0,6536.9,86.9,93.3,198.6,503.6,886.5,56.6,62.4,0.5,0.9,59.5,443.1,0.1,0,0.5,3.8,0.1,0.3
SCO_3,n,0,9353.2,92.6,85.6,302.6,566.5,808.3,66.2,63.2,0.4,0.8,61.9,528.1,0.1,0,0.4,4.4,0.1,0.3
SCU_1,n,0.036778625,2656.247776,634.2339046,14.57748049,64.87263908,424.5287103,603.8794234,20.72832909,330.839808,0.240878444,2.364866778,1.440879112,7.653519176,0.664677299,1.416605435,0.165906243,6.218823003,0.035187174,0.097397285
SCU_2,n,0.041473579,2867.660712,665.0084844,16.63824033,93.43175597,438.0258411,669.5560879,20.55515569,343.8528587,0.209443201,2.475785971,1.924688356,15.84803594,0.740136917,1.646126507,0.15753868,6.537199285,0.037800372,0.089408924
SCU_3,n,0.038484165,2949.481538,671.7790185,13.90662898,93.03973837,454.1420976,667.0435771,21.51063724,362.9028469,0.242682178,2.544400829,1.524984724,12.42073345,0.762160897,1.407898499,0.167413347,6.561619073,0.040034775,0.087395826
SCU_14,Avg,0.038912123,2824.463342,657.0071358,15.04078327,83.78137781,438.898883,646.8263628,20.93137401,345.8651712,0.231001274,2.461684526,1.630184064,11.97409619,0.722325038,1.490210147,0.163619423,6.439213787,0.037674107,0.091400678
SCU_15,Avg,0.038912123,2824.463342,657.0071358,15.04078327,83.78137781,438.898883,646.8263628,20.93137401,345.8651712,0.231001274,2.461684526,1.630184064,11.97409619,0.722325038,1.490210147,0.163619423,6.439213787,0.037674107,0.091400678
SCU_16,Avg,0.038912123,2824.463342,657.0071358,15.04078327,83.78137781,438.898883,646.8263628,20.93137401,345.8651712,0.231001274,2.461684526,1.630184064,11.97409619,0.722325038,1.490210147,0.163619423,6.439213787,0.037674107,0.091400678
SCU_19,Avg,0.038912123,2824.463342,657.0071358,15.04078327,83.78137781,438.898883,646.8263628,20.93137401,345.8651712,0.231001274,2.461684526,1.630184064,11.97409619,0.722325038,1.490210147,0.163619423,6.439213787,0.037674107,0.091400678
SERD1,n,0.1,5.6,361.6,57.8,-8.2,451.6,913.6,83.4,55.4,2.2,32.7,5.9,2.9,0.1,0,0.2,2.6,0,0.1
SKE_SKE_1,n,0.043309645,2430.740152,413.7090566,226.3317349,300.3942118,380.4339162,965.8832579,23.09475234,123.5690405,0.152312189,0.311285495,1.225072992,12.87958855,2.319811066,0.126763357,0.160441056,8.562264769,0.055194085,0.088426775
SKE_SKE_2,n,0.050086859,2607.584663,433.1547478,170.1842717,266.7139801,404.8750242,1004.523685,25.47061465,127.3582513,0.167069289,0.313003159,1.096303506,6.911753128,1.580807425,0.139355314,0.167426324,9.122724845,0.05909753,0.063140852
SKE_SKE_3,n,0.042828674,2299.299029,419.5260297,198.1869437,272.8219705,379.563152,1012.638571,25.0409951,125.0448287,0.165969838,0.315855117,1.091659288,8.850180092,1.851708148,0.181371989,0.161799541,8.974026502,0.058288618,0.065129151
SKF_1,n,0.120891966,7511.307336,1129.488702,122.3656801,1372.97094,603.0282586,528.1337305,103.4045045,509.5931557,0.40374232,3.487448624,12.87477722,81.52172188,1.774640413,0.685298615,0.394426674,5.248123441,0.163985604,0.192910164
SKF_2,y,0.129836926,7923.197607,1140.479599,99.6047399,1114.114216,773.7783284,506.1000949,100.4375057,519.4584,0.407835497,3.446721821,12.51824467,63.27434748,1.443220498,0.657605309,0.41847558,4.996128635,0.166028029,0.169274436
SKF_3,y,0.127183903,8068.986511,1187.403939,99.72866232,1135.010457,623.1778768,513.5401132,102.1564847,523.5873681,0.42290594,3.498120714,13.13872869,67.67896576,1.465955602,0.587626724,0.42614341,5.230238637,0.168714584,0.179832473
SKEF_a_1,n,0.158478827,8386.017361,1048.038307,95.55553037,1800.671643,669.7322768,458.5938846,46.68756381,507.7382991,0.243548578,1.992847901,12.29442004,53.85508004,2.288907788,0.457930177,0.414370713,4.749904189,0.101056128,0.148745245
SKEF_a_2,n,0.155484921,8554.929822,1088.714422,100.5184332,1741.197403,618.3097728,415.0192626,45.77209708,487.5326198,0.232086821,1.945340102,12.27810527,54.14361215,2.329588334,0.368156444,0.404752454,4.587597462,0.100097939,0.146140467
SKEF_a_3,n,0.168253591,8660.960275,1133.986598,80.93574215,1467.615352,771.7563682,418.405328,46.75764204,517.2387633,0.253134417,1.9703774,12.00563381,42.3393669,1.768598156,0.640749242,0.423748548,4.841872562,0.100272424,0.123394403
SKF_5,Avg,0.143355022,8184.233152,1121.351928,99.78479801,1438.596669,676.6304803,473.2987356,74.20263297,510.858101,0.327208929,2.723476094,12.51831828,60.46884904,1.845151799,0.566227752,0.413652897,4.942310821,0.133359118,0.160049531
SKF_9,Avg,0.143355022,8184.233152,1121.351928,99.78479801,1438.596669,676.6304803,473.2987356,74.20263297,510.858101,0.327208929,2.723476094,12.51831828,60.46884904,1.845151799,0.566227752,0.413652897,4.942310821,0.133359118,0.160049531
SKI_5,y,0.077883387,4904.684648,486.8968755,61.48000961,566.6129768,296.3077426,347.8113241,15.30904975,100.445815,0.232130753,0.455128849,0.858756903,1.286127622,1.226739377,2.005862265,0.05041779,5.191199531,0.10262117,0.004646418
SKI_5_2,n,0.071769004,5025.013967,503.2039732,72.45851043,597.6197833,298.7397171,405.330384,15.49223371,91.79508739,0.225079146,0.469071017,0.902012733,15.54133288,1.40665397,1.599433154,0.043246707,5.166688432,0.104362258,0.008877247
SKI_5_3,n,0.06377245,4023.360173,411.079081,77.09240644,527.45533,242.1012037,308.9143548,13.67801994,60.29655378,0.201420602,0.416892205,0.922987503,5.192802488,1.577597855,1.545535833,0.040544435,4.340055663,0.088397235,0.006847888
SKI_4,Avg,0.071141614,4651.019596,467.0599766,70.34364216,563.89603,279.0495545,354.0186876,14.82643447,84.17915206,0.2195435,0.44703069,0.894585713,7.340087663,1.403663734,1.716943751,0.044736311,4.899314542,0.098460221,0.006790518
SKN_1,y,0.147435856,1958.885487,390.929443,24.61898196,149.6042494,205.2720345,522.8320016,20.20816367,81.70193329,0.161236059,0.942670696,5.101897895,104.0181296,0.53341381,0.72457622,0.079427071,4.103808013,0.050282988,0.183240794
SKN_2,y,0.140449209,1973.875442,391.0362209,21.8496043,132.4952163,203.7080506,544.2872508,20.62405915,53.25546096,0.156607309,0.881128366,4.951748059,61.01690764,0.409592262,0.577337693,0.066346751,4.020713401,0.050507636,0.144262859
SKIN_2b,n,0.129070423,1862.050734,372.4447819,26.62962685,131.7700187,196.4768921,512.2163691,20.08115877,48.70811258,0.158854541,0.905142075,5.086813444,97.11315679,0.529147015,0.835080298,0.071419223,4.050424409,0.051665271,0.185270086
SKN_5,Avg,0.138985163,1931.603888,384.8034819,24.36607104,137.9564948,201.8189924,526.4452072,20.30446053,61.22183561,0.158899303,0.909647046,5.046819799,87.38273134,0.490717696,0.712331404,0.072397682,4.058315274,0.050818632,0.17092458
SKN_8,Avg,0.138985163,1931.603888,384.8034819,24.36607104,137.9564948,201.8189924,526.4452072,20.30446053,61.22183561,0.158899303,0.909647046,5.046819799,87.38273134,0.490717696,0.712331404,0.072397682,4.058315274,0.050818632,0.17092458
SPEY_1,n,0,497.4,687.8,42.3,244.4,418.7,882.5,568.8,668.6,1.1,3.7,7.9,32.7,0.3,0.1,0.1,6.2,0.3,0.8
SPEY_2,n,0,513.1,572.9,32.6,487.5,466.1,881.3,664.1,346.7,0.9,4.9,6.1,42.9,0.3,0.1,0.1,4.9,0.3,0.9
SPEY_3,n,0,429.1,539.1,19.5,381.2,440.6,638.9,98.1,811.7,0.1,3.1,6.8,19,0.3,0.1,0.3,4,0.2,0.4
SPU_1,n,0.089747893,6024.076257,577.2776122,99.92006008,386.561444,534.2722562,488.6858524,31.30432579,424.471868,0.07114382,2.042524282,12.85001864,67.91166033,2.39357173,0.749599074,0.328957383,4.178167322,0.23733483,0.138154877
SPU_2,n,0.09871822,6274.167246,585.3897488,83.13253573,374.9902274,547.5259232,477.5625598,32.02092117,430.5601119,0.076734956,2.032701571,12.52985862,49.87862008,1.934385566,0.52269429,0.343846069,4.291522082,0.245596397,0.115900581
SPU_3,n,0.101666781,6117.278268,565.9595359,71.89623722,347.8832534,542.7675342,514.1825832,31.38589651,432.0551065,0.076565701,1.953530242,12.0613936,42.93749543,1.663788931,0.633423515,0.345599073,4.332739291,0.248115328,0.10440005
SPU_6,Avg,0.096710965,6138.507257,576.2089656,84.98294434,369.8116416,541.5219045,493.4769985,31.57038116,429.0290288,0.074814826,2.009585365,12.48042362,53.57592528,1.997248742,0.63523896,0.339467508,4.267476232,0.243682185,0.119485169
SPU_8,Avg,0.096710965,6138.507257,576.2089656,84.98294434,369.8116416,541.5219045,493.4769985,31.57038116,429.0290288,0.074814826,2.009585365,12.48042362,53.57592528,1.997248742,0.63523896,0.339467508,4.267476232,0.243682185,0.119485169
SPU_9,Avg,0.096710965,6138.507257,576.2089656,84.98294434,369.8116416,541.5219045,493.4769985,31.57038116,429.0290288,0.074814826,2.009585365,12.48042362,53.57592528,1.997248742,0.63523896,0.339467508,4.267476232,0.243682185,0.119485169
SPU_10,Avg,0.096710965,6138.507257,576.2089656,84.98294434,369.8116416,541.5219045,493.4769985,31.57038116,429.0290288,0.074814826,2.009585365,12.48042362,53.57592528,1.997248742,0.63523896,0.339467508,4.267476232,0.243682185,0.119485169
TEMP_BOD_1,n,0.020209582,43.98941898,168.0319353,39.4489108,740.7065314,66.55887463,339.1257333,61.44862649,1154.486454,1.271696432,4.273225591,7.654744103,7.874292517,0.706364618,1.847093974,0.112069365,2.507170793,0.063630796,0.278028672
TEMP_BOD_2,n,0.020605003,44.14984814,180.9964022,38.14448292,818.4423376,64.92824434,387.0504525,80.64579561,1159.837008,1.313229165,4.070494683,7.100301759,38.48169305,0.658069344,1.951398453,0.094468946,2.533041667,0.057665353,0.257489801
TEMP_BOD_3,n,0.017894127,38.19164323,164.8814543,31.7409044,983.8243759,59.21891334,312.7959612,79.67805488,1012.292941,1.217096918,3.972709377,7.031998522,10.12976303,0.648524967,1.394486221,0.087163316,1.483385285,0.049641734,0.325531317
TET_1,n,0.025824125,2383.702307,242.7781856,22.30496241,235.2697833,96.43919956,445.642479,7.613791098,28.45540582,0.050696662,0.15560704,0.478600347,7.619447974,0.440958911,0.119449334,0.058511153,3.640086439,0.011116812,0.020761454
TET_2,y,0.026667779,2548.210152,257.3374573,18.55768153,233.6126018,102.0864708,481.9202409,8.808411382,28.86309893,0.050899881,0.181000262,0.97438995,15.9692155,0.36294615,0.084305878,0.057680772,3.696063427,0.011077199,0.014947721
TET_3,n,0.026746316,2232.892773,235.4223585,20.12663072,213.7959456,94.52480483,470.4718628,8.120991478,27.73307171,0.050051196,0.144450714,0.445140154,5.491151507,0.416096428,0.065758099,0.056177119,3.501372305,0.011409393,0.015061221
TET_4,Avg,0.02641274,2388.268411,245.1793338,20.32975822,227.5594436,97.68349173,466.0115276,8.181064653,28.35052549,0.050549246,0.160352672,0.63271015,9.69327166,0.406667163,0.08983777,0.057456348,3.61250739,0.011201135,0.016923465
TET_6,Avg,0.02641274,2388.268411,245.1793338,20.32975822,227.5594436,97.68349173,466.0115276,8.181064653,28.35052549,0.050549246,0.160352672,0.63271015,9.69327166,0.406667163,0.08983777,0.057456348,3.61250739,0.011201135,0.016923465
TET_8,Avg,0.02641274,2388.268411,245.1793338,20.32975822,227.5594436,97.68349173,466.0115276,8.181064653,28.35052549,0.050549246,0.160352672,0.63271015,9.69327166,0.406667163,0.08983777,0.057456348,3.61250739,0.011201135,0.016923465
TMN_1,n,0.235950063,973.9266059,381.3587234,67.30293561,105.519166,268.5181481,710.0931033,20.18625746,108.9568945,0.154556065,1.041469243,4.052629309,9.881634501,0.256268521,0.493289508,0.309765103,5.067032156,0.040435735,0.194406275
TMN_2,n,0.231623651,989.45601,385.7873767,74.97670947,117.7206793,273.9992337,708.9237632,20.39812768,109.3463045,0.150702053,1.081513451,4.215139087,11.47997693,0.283209079,0.470474804,0.302165826,5.035679152,0.038611259,0.087906933
TMN_3,n,0.232638545,996.1342263,387.3848315,80.2128374,123.831222,272.5694523,726.8341063,20.73195994,109.5248381,0.156014898,1.076253662,4.168581522,10.7840203,0.284680252,0.461687312,0.309297695,5.149838949,0.038960839,0.08900191
TNT_1,n,0.057498774,635.5451936,253.3129216,26.67066036,71.87402281,73.77383284,459.907239,43.64412926,42.88160663,0.079374374,0.315648358,0.4492864,14.70240565,0.432626954,0.129084166,0.051423808,5.215303568,0.056021058,0.016253535
TNT_2,n,0.070614065,751.3856662,286.6275065,19.75920749,78.55164967,85.21622405,523.3500529,51.63343581,46.55586699,0.093423943,0.349259203,0.508871139,9.79004224,0.294210239,0.102904002,0.059013257,5.817330565,0.065820583,0.012440183
TNT_3,n,0.069851085,768.7153855,307.5968705,33.70502289,92.16099831,91.93326552,565.5729065,58.22654736,45.8616595,0.106604937,0.419842849,0.613226865,17.42744204,0.507491607,0.18564149,0.067628965,6.229023901,0.075238286,0.02159206
TRO_1,y,0.000276644,6.002318709,19.44211847,1.772698985,2.292969757,6.47903643,450.5467681,1.867612092,27.75565913,0.033912579,0.435251542,1.876283141,11.52052885,0.060050968,0.176229217,0.006454174,1.206389904,0.004404128,0.01777971
TRO_2,n,0.000437754,4.557451072,20.90144955,1.9197536,6.642370415,5.947339218,429.0757356,2.095644311,29.97887621,0.039211761,0.474070627,1.936523188,0.159530753,0.071908626,0.160564829,0.007469586,1.194196602,0.004381875,0.018244397
TRO_3,y,0.000497105,4.902778345,20.52822422,2.449419661,-0.212205641,7.696075704,413.9075762,2.17100136,28.41853974,0.041969086,0.466622841,1.879946374,4.771375718,0.070082699,0.119888142,0.010088845,1.059137075,0.004236662,0.010873061
TRO_5,Avg,0.000403834,5.154182709,20.29059741,2.047290749,2.90771151,6.707483784,431.1766933,2.044752588,28.71769169,0.038364475,0.458648337,1.897584234,5.483811774,0.067347431,0.152227396,0.008004202,1.153241194,0.004340888,0.015632389
TRO_9,Avg,0.000403834,5.154182709,20.29059741,2.047290749,2.90771151,6.707483784,431.1766933,2.044752588,28.71769169,0.038364475,0.458648337,1.897584234,5.483811774,0.067347431,0.152227396,0.008004202,1.153241194,0.004340888,0.015632389
TYNE_B_1,n,0.003072502,4.100683517,18.28718865,4.377280439,8.526019985,17.29675297,540.5425725,9.960789112,108.027697,0.046239657,0.61314039,3.454006257,293.0655614,0.511386456,0.283587985,0.405878411,2.352896642,0.006190962,1.301387475
TYNE_B_2,n,0.003346012,4.379624145,19.39099395,3.684766171,18.90389789,18.28736607,560.1259134,10.3765305,108.2141219,0.049992545,0.612536618,3.189920928,171.1755009,0.350544188,0.22696974,0.440796621,2.38578717,0.006463014,1.00152395
TYNE_B_3,n,0.004640348,2.473493548,18.21732556,4.773102425,10.17338734,16.98184531,507.4732288,10.00959811,104.9313577,0.0598865,0.60201973,3.271134438,318.0595361,0.512682286,0.338578875,0.426787453,2.54351295,0.011312727,1.524168065
TYNE_C_1,n,0.003261095,5.101833289,18.13258645,6.336582026,17.88384992,22.77777416,493.0619329,20.93780238,172.6088739,0.091257499,1.39416192,4.307643492,343.1723148,0.482437882,0.327560763,0.401767513,1.846937278,0.009484998,1.775969684
TYNE_C_2,n,0.002750874,4.739427201,17.54291107,6.805880239,18.34857531,21.67613835,461.4300474,21.71957435,170.0959161,0.096897799,1.339585492,4.008829604,351.2424424,0.479678477,0.442844877,0.382840122,1.781528785,0.009636477,1.790210409
TYNE_C_3,n,0.002785342,7.394167236,18.4333598,6.266433735,24.27456605,22.36186957,458.9140256,21.62722705,166.7518975,0.098734819,1.354762093,3.986687067,334.8622264,0.464904651,0.27643339,0.396920029,1.071886733,0.009691187,1.848395211
TYNE-A_1,n,0.006086138,10.17464724,31.23851411,16.06373346,19.88756388,62.5549472,447.4660161,38.9123722,152.8021209,0.181521414,1.183572775,2.912068834,353.487696,0.648608639,0.339804959,0.204442376,2.044437427,0.009096561,1.489465557
TYNE-A_2,n,0.004310874,11.44325179,36.4141357,13.34578223,39.03987111,70.96724968,559.7017771,39.44540114,158.7481643,0.186736471,1.186324415,2.856661101,196.859734,0.45948837,0.420930054,0.220739363,2.426481399,0.008722542,1.096913425
TYNE-A_3,n,0.003819803,10.63081038,34.88770386,18.80326048,23.68691884,71.80442167,469.5287942,47.75205632,179.5883668,0.227805353,1.353648813,3.246011444,373.1280972,0.689274197,0.460864012,0.225441719,1.326795567,0.010344064,1.641195772
UI/AFO_1,n,0.091369664,866.1158367,1157.815128,130.8057456,593.4691708,393.2043384,933.9153827,97.72389773,311.653149,0.147761478,1.196543173,17.16846072,42.89470839,0.758284706,0.761776022,0.417679001,7.960106218,0.121342272,0.129074122
UI/AFO_2a,n,0.100838667,945.2011255,1251.430242,91.68578674,513.3267184,426.7886989,969.8825843,96.87149272,319.9195753,0.144691325,1.166748272,19.85712989,25.85717372,0.501865898,0.789187947,0.440569341,8.133962071,0.122025565,0.088977254
UI/AFO_2b,n,0.086591242,826.05291,1176.0272,120.4816697,569.4410915,384.1399234,912.6671448,90.24755381,293.9031952,0.134680708,1.147670548,19.70535484,39.950593,0.72831016,0.789151248,0.418820571,7.647405708,0.113990844,0.11879723
UIG_1,y,0.022591518,426.2382181,513.650029,94.70740381,215.4213914,354.7411468,611.3878737,64.7100254,360.7967744,0.677168455,2.328758392,26.65070123,89.55746103,0.364743207,0.216886453,0.219871801,6.986306038,0.108446482,0.125366502
UIG_2,y,0.023039034,326.5772396,480.9149166,43.7321274,128.6057767,338.5024846,619.6029919,47.96716133,261.8369555,0.435812921,1.390547955,27.15396038,55.22566868,0.215260971,0.323633339,0.233849705,4.152722281,0.081846209,0.073650697
UIG_2b,n,0.021174793,240.4404955,463.7936165,58.24723091,133.5884045,316.0850426,559.8985964,46.25189534,250.7785931,0.433349972,1.378832902,28.00798468,81.95761033,0.253538533,0.372912398,0.235170988,4.049642174,0.080559587,0.096107109
UIG_3,Avg,0.022268448,331.0853177,486.1195207,65.56225404,159.2051909,336.4428913,596.963154,52.97636069,291.137441,0.515443783,1.69937975,27.2708821,75.58024668,0.27784757,0.304477397,0.229630831,5.062890164,0.090284093,0.098374769
UIG_4,Avg,0.022268448,331.0853177,486.1195207,65.56225404,159.2051909,336.4428913,596.963154,52.97636069,291.137441,0.515443783,1.69937975,27.2708821,75.58024668,0.27784757,0.304477397,0.229630831,5.062890164,0.090284093,0.098374769
UIG_5,Avg,0.022268448,331.0853177,486.1195207,65.56225404,159.2051909,336.4428913,596.963154,52.97636069,291.137441,0.515443783,1.69937975,27.2708821,75.58024668,0.27784757,0.304477397,0.229630831,5.062890164,0.090284093,0.098374769
UIG_6,Avg,0.022268448,331.0853177,486.1195207,65.56225404,159.2051909,336.4428913,596.963154,52.97636069,291.137441,0.515443783,1.69937975,27.2708821,75.58024668,0.27784757,0.304477397,0.229630831,5.062890164,0.090284093,0.098374769
UIG_7,Avg,0.022268448,331.0853177,486.1195207,65.56225404,159.2051909,336.4428913,596.963154,52.97636069,291.137441,0.515443783,1.69937975,27.2708821,75.58024668,0.27784757,0.304477397,0.229630831,5.062890164,0.090284093,0.098374769
UIG_8,Avg,0.022268448,331.0853177,486.1195207,65.56225404,159.2051909,336.4428913,596.963154,52.97636069,291.137441,0.515443783,1.69937975,27.2708821,75.58024668,0.27784757,0.304477397,0.229630831,5.062890164,0.090284093,0.098374769
UIG_9,Avg,0.022268448,331.0853177,486.1195207,65.56225404,159.2051909,336.4428913,596.963154,52.97636069,291.137441,0.515443783,1.69937975,27.2708821,75.58024668,0.27784757,0.304477397,0.229630831,5.062890164,0.090284093,0.098374769
UIG_10,Avg,0.022268448,331.0853177,486.1195207,65.56225404,159.2051909,336.4428913,596.963154,52.97636069,291.137441,0.515443783,1.69937975,27.2708821,75.58024668,0.27784757,0.304477397,0.229630831,5.062890164,0.090284093,0.098374769
VAG.5*_1,n,0.028158805,2279.104688,407.1083779,69.14246371,202.1235119,166.233971,672.2888408,5.240077937,36.53845407,0.051500895,0.248960129,0.917569546,12.14402286,0.552675986,0.089401561,0.014809402,7.032724128,0.029515282,0.046310311
VAG.5*_2,n,0.030367746,2285.246515,407.6319109,56.02173837,182.268746,163.4436851,645.6131297,5.276028382,35.53030536,0.05279135,0.250098514,0.896211708,8.545807014,0.406404744,0.090211331,0.015529529,7.246438107,0.032355069,0.038061636
VAG.5*_3,n,0.030776831,2320.812666,412.6440884,71.0847168,196.4422255,172.037185,670.2039008,5.297915901,32.55194215,0.056451786,0.269224333,0.954395146,18.38212518,0.540157279,0.050253489,0.017397087,7.253786555,0.033693701,0.050902296
VAG_102,Avg,0.029767794,2295.054623,409.1281257,65.41630629,193.6114945,167.2382804,662.7019571,5.27134074,34.87356719,0.053581344,0.256094325,0.922725467,13.02398502,0.499746003,0.076622127,0.015912006,7.177649597,0.031854684,0.045091414
VAG_3,Avg,0.029767794,2295.054623,409.1281257,65.41630629,193.6114945,167.2382804,662.7019571,5.27134074,34.87356719,0.053581344,0.256094325,0.922725467,13.02398502,0.499746003,0.076622127,0.015912006,7.177649597,0.031854684,0.045091414
VAG_4,Avg,0.029767794,2295.054623,409.1281257,65.41630629,193.6114945,167.2382804,662.7019571,5.27134074,34.87356719,0.053581344,0.256094325,0.922725467,13.02398502,0.499746003,0.076622127,0.015912006,7.177649597,0.031854684,0.045091414
VAG_7,Avg,0.029767794,2295.054623,409.1281257,65.41630629,193.6114945,167.2382804,662.7019571,5.27134074,34.87356719,0.053581344,0.256094325,0.922725467,13.02398502,0.499746003,0.076622127,0.015912006,7.177649597,0.031854684,0.045091414
VEL_1,n,0.125031583,58.35256867,359.7849998,238.7344723,403.4080723,253.0143043,602.0828199,92.75083249,481.4549762,0.441323905,4.160378996,14.89343587,113.1958609,1.364372766,1.256104692,0.263509199,5.406277213,0.728585827,0.211837211
VEL_2,n,0.133228694,59.94883705,366.7983506,198.8182471,314.5666988,259.5261272,611.0503569,91.9118008,555.0084076,0.446868225,3.86719135,13.76930781,58.89968969,1.057542376,0.936829111,0.262154926,5.602252792,0.754059841,0.156230209
VEL_3,nn,0.133424183,59.48936691,382.9157922,154.9815863,446.3275262,268.4642909,644.6737918,94.13239154,351.1452445,0.441348802,4.188863863,15.44284546,116.396759,1.091330316,1.08124769,0.275758868,5.650770428,0.645250272,0.225530023
VENT-B_1,n,0.003477028,2.287674592,12.47860855,6.368451924,47.37135929,17.33019037,98.62914941,1.923796397,48.40764428,0.026785262,0.8493042,3.028878187,1997.145993,0.471811411,0.13897155,0.407634261,0.30443313,0.003119225,3.586743696
VENT-B_2,n,0.003687397,5.286278274,14.41779714,4.659323653,40.54810048,16.943427,139.5702363,2.008617375,46.71216478,0.029202978,0.747596686,2.844926734,927.09506,0.257948644,0.087778095,0.388264938,0.343651212,0.003340328,2.306347823
VENT-B_3,n,0.003310164,2.639902456,11.89899052,6.676016672,49.80342096,17.39585983,94.76673769,2.287539861,32.75026464,0.028268591,0.852933232,3.005972366,2314.186335,0.443440967,0.157709112,0.411728215,0.279493027,0.003779943,3.851702287
VKR_1,n,0.004628734,17.40170362,20.30807993,73.84749455,2368.667232,55.84573211,521.8353596,17.3285067,451.3104753,0.294237589,0.935158061,14.60849715,73.72074717,1.431715639,0.785207582,0.210792533,0.751325367,0.074386415,0.197291939
VKR_2,n,0.004893341,15.74260354,19.31805898,67.21816541,1493.883258,51.88318399,519.0800946,16.53207566,483.8522218,0.299378944,0.879547125,13.26238251,36.9121817,1.024574069,0.694255528,0.203818274,0.677721693,0.075651546,0.137368192
VKR_3,n,0.004572643,16.96918365,20.6056724,73.41627027,2339.818035,55.79855911,499.8811923,18.82443548,441.0876761,0.330278267,1.040609317,16.11598455,81.72222091,1.450313168,0.886596994,0.216486179,0.644750038,0.081561276,0.225273265
VOL_1,n,0.014544214,67.46564188,398.0660939,97.24900088,318.8962012,288.1223677,622.5126409,932.1815467,508.1788013,0.269267341,2.606117051,2.458863772,43.65471343,0.432001843,0.45270134,0.483981085,3.887690723,0.26261327,0.515219258
VOL_2a,n,0.01497824,78.13676124,415.6237554,80.47684589,287.0641924,301.6216161,581.0769988,1007.230439,494.7501658,0.279028278,2.696612883,2.319790927,24.47088402,0.319730586,0.665037665,0.455351322,3.513403574,0.254172772,0.406929488
VOL_2b,n,0.013621201,72.83699266,402.5606171,85.85860465,295.6651266,292.3016892,584.3882694,1047.622946,483.1417949,0.275144418,2.668862262,2.306720637,29.72517297,0.335462556,0.540693964,0.4487291,3.526916623,0.254043428,0.436042676
WAL-1_1,n,0.001717287,21.57005894,22.51862689,84.4256903,124.3618688,225.2982091,287.8684684,7.143586961,17.99505905,0.136443224,4.860098564,2.494778343,3786.811005,0.834933741,0.751849051,0.378762864,0.359580111,0.127256509,112.8629676
WAL-1_2a,n,0.00167431,23.40564425,22.62686002,66.01567132,109.3044107,233.7134121,299.5954409,8.186469245,17.66724157,0.153019715,4.743106853,2.669982832,2300.252931,0.60688024,0.474722984,0.381139262,0.327809688,0.134124407,89.55549837
WAL-1_2b,n,0.001421679,127.5175266,34.19139394,78.40641058,137.7708398,232.0671102,267.5451497,8.97424808,23.32445148,0.152551778,4.947756498,3.759820982,3537.345092,0.82385961,0.444601297,0.381908474,0.281886009,0.131834956,120.3507795
WSM_1,n,0.040837762,4918.599644,509.2166811,41.04769974,404.3786697,311.11449,666.8269459,90.94655547,78.84500467,0.18733509,0.88610057,5.222481531,45.34690156,0.539086468,0.957239987,0.079509985,3.2693186,0.044736089,1.400170411
WSM_2,n,0.046010105,5053.25573,507.1335746,32.99088483,358.5051799,315.8534236,710.0444599,90.91041137,81.93539657,0.188413772,0.872143932,4.94375754,33.86001455,0.48636097,1.014826621,0.08248091,3.563980848,0.045986136,1.196679761
WSM_3,n,0.044306458,5038.63472,513.6598234,35.08029662,385.2338909,314.4651977,698.3156612,92.56742796,79.86761286,0.190818341,0.871298073,5.19676578,37.05056004,0.485476245,1.133806775,0.081470056,3.439589329,0.044821609,1.278293084
